,source,jumlah_var,skor
0,"  (0, 11)	0.1673652353116199
  (0, 4)	0.9121037594783373
  (0, 25)	0.1673652353116199
  (0, 30)	0.3347304706232398",0,0.0
1,"  (0, 38)	0.9121037594783373
  (0, 11)	0.1673652353116199
  (0, 25)	0.1673652353116199
  (0, 30)	0.3347304706232398",0,0.0
2,"  (0, 11)	0.1673652353116199
  (0, 4)	0.9121037594783373
  (0, 25)	0.1673652353116199
  (0, 30)	0.3347304706232398",0,0.0
3,"  (0, 9)	0.40568454471586424
  (0, 15)	0.7886442265909434
  (0, 11)	0.188617926880177
  (0, 25)	0.188617926880177
  (0, 30)	0.377235853760354",0,0.0
4,"  (0, 8)	0.09886072037380497
  (0, 37)	0.09886072037380497
  (0, 14)	0.10312366112288801
  (0, 3)	0.09886072037380497
  (0, 10)	0.7452312041853243
  (0, 29)	0.6152160469688425
  (0, 11)	0.06606165337351086
  (0, 25)	0.06606165337351086
  (0, 30)	0.13212330674702172",6,0.6
5,"  (0, 22)	0.6797343964449102
  (0, 29)	0.2219107095040406
  (0, 9)	0.46126239652784834
  (0, 11)	0.21445815009245703
  (0, 25)	0.21445815009245703
  (0, 30)	0.42891630018491406",1,0.1
6,"  (0, 7)	0.2884413259614501
  (0, 34)	0.3001939739683403
  (0, 36)	0.2884413259614501
  (0, 16)	0.4430782842038666
  (0, 8)	0.17096562676426988
  (0, 37)	0.17096562676426988
  (0, 14)	0.17833777956945057
  (0, 3)	0.17096562676426988
  (0, 29)	0.5910717211702972
  (0, 11)	0.11424428156482319
  (0, 25)	0.11424428156482319
  (0, 30)	0.22848856312964638",3,0.3
7,"  (0, 38)	0.9121037594783373
  (0, 11)	0.1673652353116199
  (0, 25)	0.1673652353116199
  (0, 30)	0.3347304706232398",0,0.0
8,"  (0, 42)	0.7599021385743241
  (0, 29)	0.2529546299959656
  (0, 11)	0.2444595041289296
  (0, 25)	0.2444595041289296
  (0, 30)	0.4889190082578592",0,0.0
9,"  (0, 40)	0.7692702322158926
  (0, 29)	0.2486297695276632
  (0, 11)	0.24027988802336606
  (0, 25)	0.24027988802336606
  (0, 30)	0.4805597760467321",1,0.1
10,"  (0, 40)	0.7692702322158926
  (0, 29)	0.2486297695276632
  (0, 11)	0.24027988802336606
  (0, 25)	0.24027988802336606
  (0, 30)	0.4805597760467321",1,0.1
11,"  (0, 40)	0.7692702322158926
  (0, 29)	0.2486297695276632
  (0, 11)	0.24027988802336606
  (0, 25)	0.24027988802336606
  (0, 30)	0.4805597760467321",1,0.1
12,"  (0, 40)	0.7692702322158926
  (0, 29)	0.2486297695276632
  (0, 11)	0.24027988802336606
  (0, 25)	0.24027988802336606
  (0, 30)	0.4805597760467321",1,0.1
13,"  (0, 40)	0.7692702322158926
  (0, 29)	0.2486297695276632
  (0, 11)	0.24027988802336606
  (0, 25)	0.24027988802336606
  (0, 30)	0.4805597760467321",1,0.1
14,"  (0, 43)	0.670142929959708
  (0, 40)	0.5019618815345152
  (0, 10)	0.3537372703611157
  (0, 29)	0.1622351440248806
  (0, 11)	0.15678670464043426
  (0, 25)	0.15678670464043426
  (0, 30)	0.3135734092808685",2,0.2
15,"  (0, 43)	0.670142929959708
  (0, 40)	0.5019618815345152
  (0, 10)	0.3537372703611157
  (0, 29)	0.1622351440248806
  (0, 11)	0.15678670464043426
  (0, 25)	0.15678670464043426
  (0, 30)	0.3135734092808685",2,0.2
16,"  (0, 7)	0.4562321883865131
  (0, 36)	0.4562321883865131
  (0, 3)	0.2704190246579274
  (0, 29)	0.5609444706524781
  (0, 11)	0.18070197956283937
  (0, 25)	0.18070197956283937
  (0, 30)	0.36140395912567874",2,0.2
17,"  (0, 8)	0.30959723559118035
  (0, 37)	0.30959723559118035
  (0, 14)	0.3229472766025628
  (0, 3)	0.15479861779559018
  (0, 10)	0.23338037576468737
  (0, 29)	0.7492495542038528
  (0, 11)	0.10344100865180939
  (0, 25)	0.10344100865180939
  (0, 30)	0.20688201730361877",5,0.5
18,"  (0, 3)	0.4228943445562701
  (0, 29)	0.5848213885817161
  (0, 11)	0.2825904919371481
  (0, 25)	0.2825904919371481
  (0, 30)	0.5651809838742962",2,0.2
19,"  (0, 3)	0.4228943445562701
  (0, 29)	0.5848213885817161
  (0, 11)	0.2825904919371481
  (0, 25)	0.2825904919371481
  (0, 30)	0.5651809838742962",2,0.2
20,"  (0, 3)	0.4228943445562701
  (0, 29)	0.5848213885817161
  (0, 11)	0.2825904919371481
  (0, 25)	0.2825904919371481
  (0, 30)	0.5651809838742962",2,0.2
21,"  (0, 8)	0.15330176484578137
  (0, 37)	0.15330176484578137
  (0, 14)	0.3198244800912038
  (0, 3)	0.15330176484578137
  (0, 10)	0.4622473248739487
  (0, 29)	0.7420045514943716
  (0, 11)	0.10244076729864614
  (0, 25)	0.10244076729864614
  (0, 30)	0.20488153459729228",4,0.4
22,"  (0, 8)	0.12794563317144855
  (0, 37)	0.12794563317144855
  (0, 14)	0.26692546984154614
  (0, 3)	0.12794563317144855
  (0, 10)	0.5786873365968933
  (0, 29)	0.7077450319919063
  (0, 11)	0.0854970511773269
  (0, 25)	0.0854970511773269
  (0, 30)	0.1709941023546538",5,0.5
23,"  (0, 7)	0.4562321883865131
  (0, 36)	0.4562321883865131
  (0, 3)	0.2704190246579274
  (0, 29)	0.5609444706524781
  (0, 11)	0.18070197956283937
  (0, 25)	0.18070197956283937
  (0, 30)	0.36140395912567874",2,0.2
24,"  (0, 3)	0.4228943445562701
  (0, 29)	0.5848213885817161
  (0, 11)	0.2825904919371481
  (0, 25)	0.2825904919371481
  (0, 30)	0.5651809838742962",1,0.1
25,"  (0, 7)	0.2594592154648534
  (0, 34)	0.5400619534214168
  (0, 36)	0.2594592154648534
  (0, 8)	0.15378728149947168
  (0, 37)	0.15378728149947168
  (0, 14)	0.32083738500784537
  (0, 3)	0.15378728149947168
  (0, 10)	0.23185564609866238
  (0, 29)	0.5316818058130898
  (0, 11)	0.10276520386720321
  (0, 25)	0.10276520386720321
  (0, 30)	0.20553040773440642",3,0.3
26,"  (0, 7)	0.2594592154648534
  (0, 34)	0.5400619534214168
  (0, 36)	0.2594592154648534
  (0, 8)	0.15378728149947168
  (0, 37)	0.15378728149947168
  (0, 14)	0.32083738500784537
  (0, 3)	0.15378728149947168
  (0, 10)	0.23185564609866238
  (0, 29)	0.5316818058130898
  (0, 11)	0.10276520386720321
  (0, 25)	0.10276520386720321
  (0, 30)	0.20553040773440642",3,0.3
27,"  (0, 28)	0.12908851390466372
  (0, 0)	0.1468942684363909
  (0, 7)	0.17354002305878768
  (0, 34)	0.18061097518161257
  (0, 36)	0.17354002305878768
  (0, 8)	0.36001368906527176
  (0, 37)	0.36001368906527176
  (0, 14)	0.42918596737933057
  (0, 3)	0.05143052700932453
  (0, 10)	0.07753864918265435
  (0, 29)	0.6401103572897853
  (0, 11)	0.03436739723583119
  (0, 25)	0.03436739723583119
  (0, 30)	0.06873479447166238",7,0.7
28,"  (0, 28)	0.12908851390466372
  (0, 0)	0.1468942684363909
  (0, 7)	0.17354002305878768
  (0, 34)	0.18061097518161257
  (0, 36)	0.17354002305878768
  (0, 8)	0.36001368906527176
  (0, 37)	0.36001368906527176
  (0, 14)	0.42918596737933057
  (0, 3)	0.05143052700932453
  (0, 10)	0.07753864918265435
  (0, 29)	0.6401103572897853
  (0, 11)	0.03436739723583119
  (0, 25)	0.03436739723583119
  (0, 30)	0.06873479447166238",7,0.7
29,"  (0, 8)	0.2633681298623338
  (0, 37)	0.2633681298623338
  (0, 14)	0.2747247407443381
  (0, 3)	0.2633681298623338
  (0, 29)	0.7284245693844482
  (0, 11)	0.1759903634002384
  (0, 25)	0.1759903634002384
  (0, 30)	0.3519807268004768",2,0.2
30,"  (0, 8)	0.2633681298623338
  (0, 37)	0.2633681298623338
  (0, 14)	0.2747247407443381
  (0, 3)	0.2633681298623338
  (0, 29)	0.7284245693844482
  (0, 11)	0.1759903634002384
  (0, 25)	0.1759903634002384
  (0, 30)	0.3519807268004768",2,0.2
31,"  (0, 8)	0.3780711751958336
  (0, 37)	0.3780711751958336
  (0, 14)	0.3943738585335841
  (0, 3)	0.1890355875979168
  (0, 29)	0.6535441786669739
  (0, 11)	0.12631916312093214
  (0, 25)	0.12631916312093214
  (0, 30)	0.2526383262418643",2,0.2
32,"  (0, 43)	0.3835805740765555
  (0, 8)	0.13429898446881294
  (0, 37)	0.13429898446881294
  (0, 14)	0.140090046998884
  (0, 3)	0.40289695340643883
  (0, 10)	0.4049486733988183
  (0, 29)	0.6500281183140818
  (0, 11)	0.08974254817127598
  (0, 25)	0.08974254817127598
  (0, 30)	0.17948509634255197",4,0.4
33,"  (0, 8)	0.21825494737952908
  (0, 37)	0.21825494737952908
  (0, 14)	0.22766624749301378
  (0, 3)	0.21825494737952908
  (0, 10)	0.3290495894427012
  (0, 29)	0.7545629483722134
  (0, 11)	0.14584440237055668
  (0, 25)	0.14584440237055668
  (0, 30)	0.29168880474111336",3,0.3
34,"  (0, 8)	0.21825494737952908
  (0, 37)	0.21825494737952908
  (0, 14)	0.22766624749301378
  (0, 3)	0.21825494737952908
  (0, 10)	0.3290495894427012
  (0, 29)	0.7545629483722134
  (0, 11)	0.14584440237055668
  (0, 25)	0.14584440237055668
  (0, 30)	0.29168880474111336",3,0.3
35,"  (0, 7)	0.4562321883865131
  (0, 36)	0.4562321883865131
  (0, 3)	0.2704190246579274
  (0, 29)	0.5609444706524781
  (0, 11)	0.18070197956283937
  (0, 25)	0.18070197956283937
  (0, 30)	0.36140395912567874",2,0.2
36,"  (0, 34)	0.6525480532899867
  (0, 3)	0.37163732985623715
  (0, 29)	0.2569689830250337
  (0, 11)	0.24833904075136706
  (0, 25)	0.24833904075136706
  (0, 30)	0.4966780815027341",1,0.1
37,"  (0, 7)	0.4562321883865131
  (0, 36)	0.4562321883865131
  (0, 3)	0.2704190246579274
  (0, 29)	0.5609444706524781
  (0, 11)	0.18070197956283937
  (0, 25)	0.18070197956283937
  (0, 30)	0.36140395912567874",2,0.2
38,"  (0, 7)	0.4562321883865131
  (0, 36)	0.4562321883865131
  (0, 3)	0.2704190246579274
  (0, 29)	0.5609444706524781
  (0, 11)	0.18070197956283937
  (0, 25)	0.18070197956283937
  (0, 30)	0.36140395912567874",2,0.2
39,"  (0, 7)	0.4562321883865131
  (0, 36)	0.4562321883865131
  (0, 3)	0.2704190246579274
  (0, 29)	0.5609444706524781
  (0, 11)	0.18070197956283937
  (0, 25)	0.18070197956283937
  (0, 30)	0.36140395912567874",2,0.2
40,"  (0, 9)	0.40568454471586424
  (0, 15)	0.7886442265909434
  (0, 11)	0.188617926880177
  (0, 25)	0.188617926880177
  (0, 30)	0.377235853760354",0,0.0
41,"  (0, 9)	0.40568454471586424
  (0, 15)	0.7886442265909434
  (0, 11)	0.188617926880177
  (0, 25)	0.188617926880177
  (0, 30)	0.377235853760354",0,0.0
42,"  (0, 9)	0.40568454471586424
  (0, 15)	0.7886442265909434
  (0, 11)	0.188617926880177
  (0, 25)	0.188617926880177
  (0, 30)	0.377235853760354",0,0.0
43,"  (0, 9)	0.40568454471586424
  (0, 15)	0.7886442265909434
  (0, 11)	0.188617926880177
  (0, 25)	0.188617926880177
  (0, 30)	0.377235853760354",0,0.0
44,"  (0, 9)	0.40568454471586424
  (0, 15)	0.7886442265909434
  (0, 11)	0.188617926880177
  (0, 25)	0.188617926880177
  (0, 30)	0.377235853760354",0,0.0
45,"  (0, 9)	0.40568454471586424
  (0, 15)	0.7886442265909434
  (0, 11)	0.188617926880177
  (0, 25)	0.188617926880177
  (0, 30)	0.377235853760354",0,0.0
46,"  (0, 6)	0.17485923274519022
  (0, 35)	0.17485923274519022
  (0, 42)	0.5788397424458201
  (0, 8)	0.06966617106749701
  (0, 37)	0.06966617106749701
  (0, 14)	0.2906808928654057
  (0, 3)	0.06966617106749701
  (0, 10)	0.31509423171895945
  (0, 29)	0.48170739837647353
  (0, 9)	0.4005097536696964
  (0, 11)	0.046552993216304295
  (0, 25)	0.046552993216304295
  (0, 30)	0.09310598643260859",5,0.5
47,"  (0, 6)	0.17485923274519022
  (0, 35)	0.17485923274519022
  (0, 42)	0.5788397424458201
  (0, 8)	0.06966617106749701
  (0, 37)	0.06966617106749701
  (0, 14)	0.2906808928654057
  (0, 3)	0.06966617106749701
  (0, 10)	0.31509423171895945
  (0, 29)	0.48170739837647353
  (0, 9)	0.4005097536696964
  (0, 11)	0.046552993216304295
  (0, 25)	0.046552993216304295
  (0, 30)	0.09310598643260859",5,0.5
48,"  (0, 8)	0.14050936226523827
  (0, 37)	0.14050936226523827
  (0, 14)	0.14656822046254175
  (0, 3)	0.14050936226523827
  (0, 10)	0.6355120264811316
  (0, 29)	0.6800873194986401
  (0, 11)	0.09389250604893178
  (0, 25)	0.09389250604893178
  (0, 30)	0.18778501209786355",5,0.5
49,"  (0, 39)	0.3020106430811819
  (0, 13)	0.2892805189120829
  (0, 28)	0.6583959360868004
  (0, 34)	0.3070594185734949
  (0, 8)	0.2623134231659811
  (0, 37)	0.2623134231659811
  (0, 3)	0.08743780772199371
  (0, 29)	0.3627537288078823
  (0, 11)	0.05842852574439237
  (0, 25)	0.05842852574439237
  (0, 30)	0.11685705148878474",4,0.4
50,"  (0, 39)	0.3020106430811819
  (0, 13)	0.2892805189120829
  (0, 28)	0.6583959360868004
  (0, 34)	0.3070594185734949
  (0, 8)	0.2623134231659811
  (0, 37)	0.2623134231659811
  (0, 3)	0.08743780772199371
  (0, 29)	0.3627537288078823
  (0, 11)	0.05842852574439237
  (0, 25)	0.05842852574439237
  (0, 30)	0.11685705148878474",4,0.4
51,"  (0, 8)	0.3151232299402385
  (0, 37)	0.3151232299402385
  (0, 14)	0.3287115555443361
  (0, 29)	0.6536767656518662
  (0, 11)	0.2105746499473132
  (0, 25)	0.2105746499473132
  (0, 30)	0.4211492998946264",2,0.2
52,"  (0, 8)	0.3151232299402385
  (0, 37)	0.3151232299402385
  (0, 14)	0.3287115555443361
  (0, 29)	0.6536767656518662
  (0, 11)	0.2105746499473132
  (0, 25)	0.2105746499473132
  (0, 30)	0.4211492998946264",2,0.2
53,"  (0, 8)	0.3151232299402385
  (0, 37)	0.3151232299402385
  (0, 14)	0.3287115555443361
  (0, 29)	0.6536767656518662
  (0, 11)	0.2105746499473132
  (0, 25)	0.2105746499473132
  (0, 30)	0.4211492998946264",2,0.2
54,"  (0, 8)	0.21825494737952908
  (0, 37)	0.21825494737952908
  (0, 14)	0.22766624749301378
  (0, 3)	0.21825494737952908
  (0, 10)	0.3290495894427012
  (0, 29)	0.7545629483722134
  (0, 11)	0.14584440237055668
  (0, 25)	0.14584440237055668
  (0, 30)	0.29168880474111336",4,0.4
55,"  (0, 43)	0.3320667820700498
  (0, 8)	0.11626300866564149
  (0, 37)	0.11626300866564149
  (0, 14)	0.12127634778938799
  (0, 3)	0.3487890259969245
  (0, 10)	0.525847808649364
  (0, 29)	0.6431213379301308
  (0, 11)	0.07769037641633653
  (0, 25)	0.07769037641633653
  (0, 30)	0.15538075283267305",6,0.6
56,"  (0, 6)	0.23656343877650596
  (0, 35)	0.23656343877650596
  (0, 42)	0.5873252350922408
  (0, 8)	0.09424992169635801
  (0, 37)	0.09424992169635801
  (0, 14)	0.19662808341116023
  (0, 3)	0.09424992169635801
  (0, 10)	0.28418964528913265
  (0, 29)	0.45618438213700874
  (0, 9)	0.4063810204822063
  (0, 11)	0.06298058150944975
  (0, 25)	0.06298058150944975
  (0, 30)	0.1259611630188995",4,0.4
57,"  (0, 6)	0.23656343877650596
  (0, 35)	0.23656343877650596
  (0, 42)	0.5873252350922408
  (0, 8)	0.09424992169635801
  (0, 37)	0.09424992169635801
  (0, 14)	0.19662808341116023
  (0, 3)	0.09424992169635801
  (0, 10)	0.28418964528913265
  (0, 29)	0.45618438213700874
  (0, 9)	0.4063810204822063
  (0, 11)	0.06298058150944975
  (0, 25)	0.06298058150944975
  (0, 30)	0.1259611630188995",4,0.4
58,"  (0, 0)	0.710942494442968
  (0, 3)	0.2489147299736808
  (0, 29)	0.5163369759924089
  (0, 11)	0.16633217468886086
  (0, 25)	0.16633217468886086
  (0, 30)	0.3326643493777217",3,0.3
59,"  (0, 0)	0.6011367868619784
  (0, 8)	0.2104696260929427
  (0, 37)	0.2104696260929427
  (0, 14)	0.21954521791670625
  (0, 3)	0.2104696260929427
  (0, 29)	0.5821176876465484
  (0, 11)	0.14064202073413717
  (0, 25)	0.14064202073413717
  (0, 30)	0.28128404146827435",3,0.3
60,"  (0, 8)	0.3850128658668893
  (0, 37)	0.3850128658668893
  (0, 14)	0.40161487957485437
  (0, 29)	0.665543775107579
  (0, 11)	0.12863848449145962
  (0, 25)	0.12863848449145962
  (0, 30)	0.25727696898291924",2,0.2
61,"  (0, 41)	0.5360032229928999
  (0, 28)	0.48151541874729886
  (0, 34)	0.3368501453551485
  (0, 8)	0.1918419462755506
  (0, 37)	0.1918419462755506
  (0, 3)	0.1918419462755506
  (0, 29)	0.39794788528139596
  (0, 11)	0.12819445487990974
  (0, 25)	0.12819445487990974
  (0, 30)	0.2563889097598195",3,0.3
62,"  (0, 7)	0.34146063908217333
  (0, 36)	0.34146063908217333
  (0, 8)	0.20239135977281586
  (0, 37)	0.20239135977281586
  (0, 14)	0.21111861131999834
  (0, 3)	0.20239135977281586
  (0, 29)	0.6997184851423955
  (0, 11)	0.1352438845736755
  (0, 25)	0.1352438845736755
  (0, 30)	0.270487769147351",3,0.3
63,"  (0, 7)	0.34146063908217333
  (0, 36)	0.34146063908217333
  (0, 8)	0.20239135977281586
  (0, 37)	0.20239135977281586
  (0, 14)	0.21111861131999834
  (0, 3)	0.20239135977281586
  (0, 29)	0.6997184851423955
  (0, 11)	0.1352438845736755
  (0, 25)	0.1352438845736755
  (0, 30)	0.270487769147351",3,0.3
64,"  (0, 28)	0.49406818269596575
  (0, 34)	0.34563158868196414
  (0, 16)	0.5101429893992883
  (0, 22)	0.41691029539081337
  (0, 29)	0.13610736772125767
  (0, 9)	0.28291203592885317
  (0, 11)	0.1315363929964959
  (0, 25)	0.1315363929964959
  (0, 30)	0.2630727859929918",1,0.1
65,"  (0, 22)	0.6797343964449102
  (0, 29)	0.2219107095040406
  (0, 9)	0.46126239652784834
  (0, 11)	0.21445815009245703
  (0, 25)	0.21445815009245703
  (0, 30)	0.42891630018491406",1,0.1
66,"  (0, 22)	0.6797343964449102
  (0, 29)	0.2219107095040406
  (0, 9)	0.46126239652784834
  (0, 11)	0.21445815009245703
  (0, 25)	0.21445815009245703
  (0, 30)	0.42891630018491406",1,0.1
67,"  (0, 27)	0.5975875029836852
  (0, 34)	0.3171573251856689
  (0, 22)	0.38256385833468043
  (0, 8)	0.18062654678393317
  (0, 37)	0.18062654678393317
  (0, 14)	0.18841528495759724
  (0, 29)	0.3746831895413694
  (0, 9)	0.25960481482666375
  (0, 11)	0.12069999367368736
  (0, 25)	0.12069999367368736
  (0, 30)	0.24139998734737472",2,0.2
68,"  (0, 27)	0.5975875029836852
  (0, 34)	0.3171573251856689
  (0, 22)	0.38256385833468043
  (0, 8)	0.18062654678393317
  (0, 37)	0.18062654678393317
  (0, 14)	0.18841528495759724
  (0, 29)	0.3746831895413694
  (0, 9)	0.25960481482666375
  (0, 11)	0.12069999367368736
  (0, 25)	0.12069999367368736
  (0, 30)	0.24139998734737472",2,0.2
69,"  (0, 27)	0.5975875029836852
  (0, 34)	0.3171573251856689
  (0, 22)	0.38256385833468043
  (0, 8)	0.18062654678393317
  (0, 37)	0.18062654678393317
  (0, 14)	0.18841528495759724
  (0, 29)	0.3746831895413694
  (0, 9)	0.25960481482666375
  (0, 11)	0.12069999367368736
  (0, 25)	0.12069999367368736
  (0, 30)	0.24139998734737472",2,0.2
70,"  (0, 26)	0.6282740420641161
  (0, 7)	0.2713548920839141
  (0, 34)	0.28241134705263155
  (0, 36)	0.2713548920839141
  (0, 22)	0.34065230718760997
  (0, 14)	0.16777356284938438
  (0, 29)	0.3336350002775719
  (0, 9)	0.23116396701109496
  (0, 11)	0.10747677917473625
  (0, 25)	0.10747677917473625
  (0, 30)	0.2149535583494725",2,0.2
71,"  (0, 16)	0.4610515875527866
  (0, 22)	0.3767907381876958
  (0, 8)	0.35580156575832445
  (0, 37)	0.35580156575832445
  (0, 29)	0.49203865794106166
  (0, 9)	0.2556872210600857
  (0, 11)	0.11887855772244056
  (0, 25)	0.11887855772244056
  (0, 30)	0.23775711544488112",2,0.2
72,"  (0, 16)	0.4610515875527866
  (0, 22)	0.3767907381876958
  (0, 8)	0.35580156575832445
  (0, 37)	0.35580156575832445
  (0, 29)	0.49203865794106166
  (0, 9)	0.2556872210600857
  (0, 11)	0.11887855772244056
  (0, 25)	0.11887855772244056
  (0, 30)	0.23775711544488112",2,0.2
73,"  (0, 27)	0.7039381489724692
  (0, 22)	0.4506474666141622
  (0, 29)	0.29424286773062275
  (0, 9)	0.30580581404563184
  (0, 11)	0.14218056720299901
  (0, 25)	0.14218056720299901
  (0, 30)	0.28436113440599803",2,0.2
74,"  (0, 41)	0.5539966881765022
  (0, 28)	0.4976797449135091
  (0, 3)	0.1982820220679854
  (0, 29)	0.548409166352236
  (0, 11)	0.13249790374302056
  (0, 25)	0.13249790374302056
  (0, 30)	0.2649958074860411",4,0.4
75,"  (0, 41)	0.5539966881765022
  (0, 28)	0.4976797449135091
  (0, 3)	0.1982820220679854
  (0, 29)	0.548409166352236
  (0, 11)	0.13249790374302056
  (0, 25)	0.13249790374302056
  (0, 30)	0.2649958074860411",4,0.4
76,"  (0, 7)	0.34146063908217333
  (0, 36)	0.34146063908217333
  (0, 8)	0.20239135977281586
  (0, 37)	0.20239135977281586
  (0, 14)	0.21111861131999834
  (0, 3)	0.20239135977281586
  (0, 29)	0.6997184851423955
  (0, 11)	0.1352438845736755
  (0, 25)	0.1352438845736755
  (0, 30)	0.270487769147351",3,0.3
77,"  (0, 1)	0.8246330879778937
  (0, 34)	0.3976026428479929
  (0, 29)	0.1565732152070497
  (0, 11)	0.15131492374738514
  (0, 25)	0.15131492374738514
  (0, 30)	0.3026298474947703",1,0.1
78,"  (0, 1)	0.8246330879778937
  (0, 34)	0.3976026428479929
  (0, 29)	0.1565732152070497
  (0, 11)	0.15131492374738514
  (0, 25)	0.15131492374738514
  (0, 30)	0.3026298474947703",1,0.1
79,"  (0, 8)	0.2633681298623338
  (0, 37)	0.2633681298623338
  (0, 14)	0.2747247407443381
  (0, 3)	0.2633681298623338
  (0, 29)	0.7284245693844482
  (0, 11)	0.1759903634002384
  (0, 25)	0.1759903634002384
  (0, 30)	0.3519807268004768",3,0.3
80,"  (0, 8)	0.2633681298623338
  (0, 37)	0.2633681298623338
  (0, 14)	0.2747247407443381
  (0, 3)	0.2633681298623338
  (0, 29)	0.7284245693844482
  (0, 11)	0.1759903634002384
  (0, 25)	0.1759903634002384
  (0, 30)	0.3519807268004768",3,0.3
81,"  (0, 42)	0.5425505665068523
  (0, 14)	0.27245724771844804
  (0, 10)	0.3937867228439066
  (0, 29)	0.5418092837414189
  (0, 11)	0.1745377933821443
  (0, 25)	0.1745377933821443
  (0, 30)	0.3490755867642886",1,0.1
82,"  (0, 31)	0.3376082204272446
  (0, 8)	0.19548796268843305
  (0, 37)	0.19548796268843305
  (0, 14)	0.30587630266591764
  (0, 3)	0.19548796268843305
  (0, 10)	0.4420878058156606
  (0, 29)	0.6758516829446983
  (0, 11)	0.06531541536915084
  (0, 25)	0.06531541536915084
  (0, 30)	0.13063083073830167",7,0.7
83,"  (0, 17)	0.7227679477223315
  (0, 40)	0.46737570342710166
  (0, 10)	0.3293640645739775
  (0, 29)	0.15105681795483503
  (0, 11)	0.1459837869467814
  (0, 25)	0.1459837869467814
  (0, 30)	0.2919675738935628",1,0.1
84,"  (0, 40)	0.7692702322158926
  (0, 29)	0.2486297695276632
  (0, 11)	0.24027988802336606
  (0, 25)	0.24027988802336606
  (0, 30)	0.4805597760467321",1,0.1
85,"  (0, 40)	0.7692702322158926
  (0, 29)	0.2486297695276632
  (0, 11)	0.24027988802336606
  (0, 25)	0.24027988802336606
  (0, 30)	0.4805597760467321",1,0.1
86,"  (0, 43)	0.670142929959708
  (0, 40)	0.5019618815345152
  (0, 10)	0.3537372703611157
  (0, 29)	0.1622351440248806
  (0, 11)	0.15678670464043426
  (0, 25)	0.15678670464043426
  (0, 30)	0.3135734092808685",1,0.1
87,"  (0, 8)	0.2633681298623338
  (0, 37)	0.2633681298623338
  (0, 14)	0.2747247407443381
  (0, 3)	0.2633681298623338
  (0, 29)	0.7284245693844482
  (0, 11)	0.1759903634002384
  (0, 25)	0.1759903634002384
  (0, 30)	0.3519807268004768",3,0.3
88,"  (0, 8)	0.2633681298623338
  (0, 37)	0.2633681298623338
  (0, 14)	0.2747247407443381
  (0, 3)	0.2633681298623338
  (0, 29)	0.7284245693844482
  (0, 11)	0.1759903634002384
  (0, 25)	0.1759903634002384
  (0, 30)	0.3519807268004768",3,0.3
89,"  (0, 42)	0.47556803493309713
  (0, 7)	0.3862646178294707
  (0, 36)	0.3862646178294707
  (0, 14)	0.2388200582573826
  (0, 3)	0.2289476803088283
  (0, 29)	0.4749182698976339
  (0, 11)	0.15298960234199102
  (0, 25)	0.15298960234199102
  (0, 30)	0.30597920468398204",2,0.2
90,"  (0, 28)	0.29262148128203413
  (0, 42)	0.48433514261793
  (0, 7)	0.39338541496174256
  (0, 36)	0.39338541496174256
  (0, 8)	0.11658416803604162
  (0, 37)	0.11658416803604162
  (0, 14)	0.2432227115356566
  (0, 3)	0.11658416803604162
  (0, 29)	0.4836733991490623
  (0, 11)	0.07790498459362681
  (0, 25)	0.07790498459362681
  (0, 30)	0.15580996918725362",4,0.4
91,"  (0, 8)	0.1840640159714493
  (0, 37)	0.1840640159714493
  (0, 14)	0.3840019602565441
  (0, 3)	0.1840640159714493
  (0, 10)	0.2775020205212581
  (0, 29)	0.7636274269969128
  (0, 11)	0.12299701211629205
  (0, 25)	0.12299701211629205
  (0, 30)	0.2459940242325841",4,0.4
92,"  (0, 8)	0.1840640159714493
  (0, 37)	0.1840640159714493
  (0, 14)	0.3840019602565441
  (0, 3)	0.1840640159714493
  (0, 10)	0.2775020205212581
  (0, 29)	0.7636274269969128
  (0, 11)	0.12299701211629205
  (0, 25)	0.12299701211629205
  (0, 30)	0.2459940242325841",4,0.4
93,"  (0, 8)	0.30055349447446855
  (0, 37)	0.30055349447446855
  (0, 14)	0.31351356328673274
  (0, 3)	0.30055349447446855
  (0, 29)	0.6234539935716424
  (0, 11)	0.20083872236713673
  (0, 25)	0.20083872236713673
  (0, 30)	0.40167744473427347",2,0.2
94,"  (0, 8)	0.30055349447446855
  (0, 37)	0.30055349447446855
  (0, 14)	0.31351356328673274
  (0, 3)	0.30055349447446855
  (0, 29)	0.6234539935716424
  (0, 11)	0.20083872236713673
  (0, 25)	0.20083872236713673
  (0, 30)	0.40167744473427347",2,0.2
95,"  (0, 43)	0.5647795665836135
  (0, 8)	0.197740259457919
  (0, 37)	0.197740259457919
  (0, 14)	0.20626695243152973
  (0, 3)	0.395480518915838
  (0, 29)	0.5469107572768764
  (0, 11)	0.13213588196509288
  (0, 25)	0.13213588196509288
  (0, 30)	0.26427176393018575",3,0.3
96,"  (0, 17)	0.44527680022228205
  (0, 42)	0.279567413832188
  (0, 7)	0.22706950915373272
  (0, 36)	0.22706950915373272
  (0, 8)	0.1345891779623542
  (0, 37)	0.1345891779623542
  (0, 14)	0.1403927538310299
  (0, 3)	0.40376753388706266
  (0, 10)	0.20291184361989445
  (0, 29)	0.5583708859474413
  (0, 11)	0.08993646403501929
  (0, 25)	0.08993646403501929
  (0, 30)	0.17987292807003857",4,0.4
97,"  (0, 8)	0.21825494737952908
  (0, 37)	0.21825494737952908
  (0, 14)	0.22766624749301378
  (0, 3)	0.21825494737952908
  (0, 10)	0.3290495894427012
  (0, 29)	0.7545629483722134
  (0, 11)	0.14584440237055668
  (0, 25)	0.14584440237055668
  (0, 30)	0.29168880474111336",4,0.4
98,"  (0, 8)	0.21825494737952908
  (0, 37)	0.21825494737952908
  (0, 14)	0.22766624749301378
  (0, 3)	0.21825494737952908
  (0, 10)	0.3290495894427012
  (0, 29)	0.7545629483722134
  (0, 11)	0.14584440237055668
  (0, 25)	0.14584440237055668
  (0, 30)	0.29168880474111336",4,0.4
99,"  (0, 8)	0.30055349447446855
  (0, 37)	0.30055349447446855
  (0, 14)	0.31351356328673274
  (0, 3)	0.30055349447446855
  (0, 29)	0.6234539935716424
  (0, 11)	0.20083872236713673
  (0, 25)	0.20083872236713673
  (0, 30)	0.40167744473427347",2,0.2
100,"  (0, 8)	0.30055349447446855
  (0, 37)	0.30055349447446855
  (0, 14)	0.31351356328673274
  (0, 3)	0.30055349447446855
  (0, 29)	0.6234539935716424
  (0, 11)	0.20083872236713673
  (0, 25)	0.20083872236713673
  (0, 30)	0.40167744473427347",2,0.2
101,"  (0, 8)	0.30055349447446855
  (0, 37)	0.30055349447446855
  (0, 14)	0.31351356328673274
  (0, 3)	0.30055349447446855
  (0, 29)	0.6234539935716424
  (0, 11)	0.20083872236713673
  (0, 25)	0.20083872236713673
  (0, 30)	0.40167744473427347",2,0.2
102,"  (0, 8)	0.30055349447446855
  (0, 37)	0.30055349447446855
  (0, 14)	0.31351356328673274
  (0, 3)	0.30055349447446855
  (0, 29)	0.6234539935716424
  (0, 11)	0.20083872236713673
  (0, 25)	0.20083872236713673
  (0, 30)	0.40167744473427347",2,0.2
103,"  (0, 7)	0.38683371461743893
  (0, 36)	0.38683371461743893
  (0, 8)	0.22928499670660943
  (0, 37)	0.22928499670660943
  (0, 3)	0.22928499670660943
  (0, 29)	0.6341573108319091
  (0, 11)	0.15321500712220262
  (0, 25)	0.15321500712220262
  (0, 30)	0.30643001424440525",2,0.2
104,"  (0, 8)	0.2633681298623338
  (0, 37)	0.2633681298623338
  (0, 14)	0.2747247407443381
  (0, 3)	0.2633681298623338
  (0, 29)	0.7284245693844482
  (0, 11)	0.1759903634002384
  (0, 25)	0.1759903634002384
  (0, 30)	0.3519807268004768",3,0.3
105,"  (0, 8)	0.2633681298623338
  (0, 37)	0.2633681298623338
  (0, 14)	0.2747247407443381
  (0, 3)	0.2633681298623338
  (0, 29)	0.7284245693844482
  (0, 11)	0.1759903634002384
  (0, 25)	0.1759903634002384
  (0, 30)	0.3519807268004768",3,0.3
106,"  (0, 8)	0.21825494737952908
  (0, 37)	0.21825494737952908
  (0, 14)	0.22766624749301378
  (0, 3)	0.21825494737952908
  (0, 10)	0.3290495894427012
  (0, 29)	0.7545629483722134
  (0, 11)	0.14584440237055668
  (0, 25)	0.14584440237055668
  (0, 30)	0.29168880474111336",4,0.4
107,"  (0, 8)	0.2633681298623338
  (0, 37)	0.2633681298623338
  (0, 14)	0.2747247407443381
  (0, 3)	0.2633681298623338
  (0, 29)	0.7284245693844482
  (0, 11)	0.1759903634002384
  (0, 25)	0.1759903634002384
  (0, 30)	0.3519807268004768",3,0.3
108,"  (0, 8)	0.2633681298623338
  (0, 37)	0.2633681298623338
  (0, 14)	0.2747247407443381
  (0, 3)	0.2633681298623338
  (0, 29)	0.7284245693844482
  (0, 11)	0.1759903634002384
  (0, 25)	0.1759903634002384
  (0, 30)	0.3519807268004768",3,0.3
109,"  (0, 7)	0.5800775048915349
  (0, 34)	0.30185648818280336
  (0, 36)	0.5800775048915349
  (0, 3)	0.17191245717836126
  (0, 29)	0.3566070930566671
  (0, 11)	0.11487698161376778
  (0, 25)	0.11487698161376778
  (0, 30)	0.22975396322753555",2,0.2
110,"  (0, 8)	0.2633681298623338
  (0, 37)	0.2633681298623338
  (0, 14)	0.2747247407443381
  (0, 3)	0.2633681298623338
  (0, 29)	0.7284245693844482
  (0, 11)	0.1759903634002384
  (0, 25)	0.1759903634002384
  (0, 30)	0.3519807268004768",3,0.3
111,"  (0, 8)	0.21825494737952908
  (0, 37)	0.21825494737952908
  (0, 14)	0.22766624749301378
  (0, 3)	0.21825494737952908
  (0, 10)	0.3290495894427012
  (0, 29)	0.7545629483722134
  (0, 11)	0.14584440237055668
  (0, 25)	0.14584440237055668
  (0, 30)	0.29168880474111336",4,0.4
112,"  (0, 8)	0.21825494737952908
  (0, 37)	0.21825494737952908
  (0, 14)	0.22766624749301378
  (0, 3)	0.21825494737952908
  (0, 10)	0.3290495894427012
  (0, 29)	0.7545629483722134
  (0, 11)	0.14584440237055668
  (0, 25)	0.14584440237055668
  (0, 30)	0.29168880474111336",4,0.4
113,"  (0, 34)	0.6525480532899867
  (0, 3)	0.37163732985623715
  (0, 29)	0.2569689830250337
  (0, 11)	0.24833904075136706
  (0, 25)	0.24833904075136706
  (0, 30)	0.4966780815027341",1,0.1
114,"  (0, 8)	0.2633681298623338
  (0, 37)	0.2633681298623338
  (0, 14)	0.2747247407443381
  (0, 3)	0.2633681298623338
  (0, 29)	0.7284245693844482
  (0, 11)	0.1759903634002384
  (0, 25)	0.1759903634002384
  (0, 30)	0.3519807268004768",3,0.3
115,"  (0, 39)	0.4110479030437745
  (0, 13)	0.3937217227747287
  (0, 0)	0.3399016910837762
  (0, 34)	0.4179194773627504
  (0, 8)	0.11900616198220908
  (0, 37)	0.11900616198220908
  (0, 14)	0.24827557544362466
  (0, 3)	0.11900616198220908
  (0, 29)	0.4937215391700909
  (0, 11)	0.07952343248617173
  (0, 25)	0.07952343248617173
  (0, 30)	0.15904686497234347",3,0.3
116,"  (0, 8)	0.2132773283051834
  (0, 37)	0.2132773283051834
  (0, 14)	0.4449479802731921
  (0, 3)	0.2132773283051834
  (0, 29)	0.7373540513015745
  (0, 11)	0.14251821028262274
  (0, 25)	0.14251821028262274
  (0, 30)	0.2850364205652455",3,0.3
117,"  (0, 8)	0.2132773283051834
  (0, 37)	0.2132773283051834
  (0, 14)	0.4449479802731921
  (0, 3)	0.2132773283051834
  (0, 29)	0.7373540513015745
  (0, 11)	0.14251821028262274
  (0, 25)	0.14251821028262274
  (0, 30)	0.2850364205652455",3,0.3
118,"  (0, 34)	0.4774105142298886
  (0, 8)	0.13594674588266945
  (0, 37)	0.13594674588266945
  (0, 14)	0.4254265829792131
  (0, 3)	0.13594674588266945
  (0, 10)	0.40991713091365456
  (0, 29)	0.5640030356780257
  (0, 11)	0.09084363101745437
  (0, 25)	0.09084363101745437
  (0, 30)	0.18168726203490873",3,0.3
119,"  (0, 34)	0.4774105142298886
  (0, 8)	0.13594674588266945
  (0, 37)	0.13594674588266945
  (0, 14)	0.4254265829792131
  (0, 3)	0.13594674588266945
  (0, 10)	0.40991713091365456
  (0, 29)	0.5640030356780257
  (0, 11)	0.09084363101745437
  (0, 25)	0.09084363101745437
  (0, 30)	0.18168726203490873",3,0.3
120,"  (0, 6)	0.17485923274519022
  (0, 35)	0.17485923274519022
  (0, 42)	0.5788397424458201
  (0, 8)	0.06966617106749701
  (0, 37)	0.06966617106749701
  (0, 14)	0.2906808928654057
  (0, 3)	0.06966617106749701
  (0, 10)	0.31509423171895945
  (0, 29)	0.48170739837647353
  (0, 9)	0.4005097536696964
  (0, 11)	0.046552993216304295
  (0, 25)	0.046552993216304295
  (0, 30)	0.09310598643260859",6,0.6
121,"  (0, 6)	0.17485923274519022
  (0, 35)	0.17485923274519022
  (0, 42)	0.5788397424458201
  (0, 8)	0.06966617106749701
  (0, 37)	0.06966617106749701
  (0, 14)	0.2906808928654057
  (0, 3)	0.06966617106749701
  (0, 10)	0.31509423171895945
  (0, 29)	0.48170739837647353
  (0, 9)	0.4005097536696964
  (0, 11)	0.046552993216304295
  (0, 25)	0.046552993216304295
  (0, 30)	0.09310598643260859",6,0.6
122,"  (0, 8)	0.2633681298623338
  (0, 37)	0.2633681298623338
  (0, 14)	0.2747247407443381
  (0, 3)	0.2633681298623338
  (0, 29)	0.7284245693844482
  (0, 11)	0.1759903634002384
  (0, 25)	0.1759903634002384
  (0, 30)	0.3519807268004768",3,0.3
123,"  (0, 7)	0.2907246641676938
  (0, 36)	0.2907246641676938
  (0, 8)	0.3446380248016508
  (0, 37)	0.3446380248016508
  (0, 14)	0.35949904820968714
  (0, 3)	0.1723190124008254
  (0, 29)	0.5957507200588223
  (0, 11)	0.11514865382171915
  (0, 25)	0.11514865382171915
  (0, 30)	0.2302973076434383",2,0.2
124,"  (0, 7)	0.2907246641676938
  (0, 36)	0.2907246641676938
  (0, 8)	0.3446380248016508
  (0, 37)	0.3446380248016508
  (0, 14)	0.35949904820968714
  (0, 3)	0.1723190124008254
  (0, 29)	0.5957507200588223
  (0, 11)	0.11514865382171915
  (0, 25)	0.11514865382171915
  (0, 30)	0.2302973076434383",2,0.2
125,"  (0, 7)	0.2703784632151305
  (0, 36)	0.2703784632151305
  (0, 8)	0.3205187278421598
  (0, 37)	0.3205187278421598
  (0, 14)	0.3343397109444096
  (0, 3)	0.1602593639210799
  (0, 29)	0.6648689320252503
  (0, 11)	0.10709004050529798
  (0, 25)	0.10709004050529798
  (0, 30)	0.21418008101059596",4,0.4
126,"  (0, 9)	0.40568454471586424
  (0, 15)	0.7886442265909434
  (0, 11)	0.188617926880177
  (0, 25)	0.188617926880177
  (0, 30)	0.377235853760354",0,0.0
127,"  (0, 9)	0.40568454471586424
  (0, 15)	0.7886442265909434
  (0, 11)	0.188617926880177
  (0, 25)	0.188617926880177
  (0, 30)	0.377235853760354",0,0.0
128,"  (0, 9)	0.40568454471586424
  (0, 15)	0.7886442265909434
  (0, 11)	0.188617926880177
  (0, 25)	0.188617926880177
  (0, 30)	0.377235853760354",0,0.0
129,"  (0, 7)	0.2907246641676938
  (0, 36)	0.2907246641676938
  (0, 8)	0.3446380248016508
  (0, 37)	0.3446380248016508
  (0, 14)	0.35949904820968714
  (0, 3)	0.1723190124008254
  (0, 29)	0.5957507200588223
  (0, 11)	0.11514865382171915
  (0, 25)	0.11514865382171915
  (0, 30)	0.2302973076434383",2,0.2
130,"  (0, 8)	0.30055349447446855
  (0, 37)	0.30055349447446855
  (0, 14)	0.31351356328673274
  (0, 3)	0.30055349447446855
  (0, 29)	0.6234539935716424
  (0, 11)	0.20083872236713673
  (0, 25)	0.20083872236713673
  (0, 30)	0.40167744473427347",2,0.2
131,"  (0, 24)	0.40996268376753703
  (0, 18)	0.40996268376753703
  (0, 7)	0.24755356147986154
  (0, 34)	0.2576402224714065
  (0, 36)	0.24755356147986154
  (0, 8)	0.14673053403515482
  (0, 37)	0.14673053403515482
  (0, 14)	0.15305765334308694
  (0, 10)	0.22121662103273126
  (0, 29)	0.5072848322895814
  (0, 9)	0.21088789990089182
  (0, 11)	0.0980496767784928
  (0, 25)	0.0980496767784928
  (0, 30)	0.1960993535569856",3,0.3
132,"  (0, 24)	0.541115264534416
  (0, 18)	0.541115264534416
  (0, 8)	0.19367160691320484
  (0, 37)	0.19367160691320484
  (0, 29)	0.4017432470136591
  (0, 9)	0.2783537776981806
  (0, 11)	0.12941708816013311
  (0, 25)	0.12941708816013311
  (0, 30)	0.25883417632026623",2,0.2
133,"  (0, 24)	0.541115264534416
  (0, 18)	0.541115264534416
  (0, 8)	0.19367160691320484
  (0, 37)	0.19367160691320484
  (0, 29)	0.4017432470136591
  (0, 9)	0.2783537776981806
  (0, 11)	0.12941708816013311
  (0, 25)	0.12941708816013311
  (0, 30)	0.25883417632026623",2,0.2
134,"  (0, 24)	0.541115264534416
  (0, 18)	0.541115264534416
  (0, 8)	0.19367160691320484
  (0, 37)	0.19367160691320484
  (0, 29)	0.4017432470136591
  (0, 9)	0.2783537776981806
  (0, 11)	0.12941708816013311
  (0, 25)	0.12941708816013311
  (0, 30)	0.25883417632026623",2,0.2
135,"  (0, 24)	0.5010445235648194
  (0, 18)	0.5010445235648194
  (0, 8)	0.17932981080722754
  (0, 37)	0.17932981080722754
  (0, 14)	0.18706263285348532
  (0, 29)	0.49599106878774774
  (0, 9)	0.2577410859944095
  (0, 11)	0.11983347639274727
  (0, 25)	0.11983347639274727
  (0, 30)	0.23966695278549455",2,0.2
136,"  (0, 24)	0.4538338618590255
  (0, 18)	0.4538338618590255
  (0, 0)	0.4639347926439685
  (0, 34)	0.2852109759353558
  (0, 8)	0.16243255191384942
  (0, 37)	0.16243255191384942
  (0, 29)	0.3369424246881454
  (0, 9)	0.23345556515487909
  (0, 11)	0.10854222891087485
  (0, 25)	0.10854222891087485
  (0, 30)	0.2170844578217497",2,0.2
137,"  (0, 6)	0.17485923274519022
  (0, 35)	0.17485923274519022
  (0, 42)	0.5788397424458201
  (0, 8)	0.06966617106749701
  (0, 37)	0.06966617106749701
  (0, 14)	0.2906808928654057
  (0, 3)	0.06966617106749701
  (0, 10)	0.31509423171895945
  (0, 29)	0.48170739837647353
  (0, 9)	0.4005097536696964
  (0, 11)	0.046552993216304295
  (0, 25)	0.046552993216304295
  (0, 30)	0.09310598643260859",6,0.6
138,"  (0, 6)	0.17485923274519022
  (0, 35)	0.17485923274519022
  (0, 42)	0.5788397424458201
  (0, 8)	0.06966617106749701
  (0, 37)	0.06966617106749701
  (0, 14)	0.2906808928654057
  (0, 3)	0.06966617106749701
  (0, 10)	0.31509423171895945
  (0, 29)	0.48170739837647353
  (0, 9)	0.4005097536696964
  (0, 11)	0.046552993216304295
  (0, 25)	0.046552993216304295
  (0, 30)	0.09310598643260859",6,0.6
139,"  (0, 8)	0.3608509037216031
  (0, 37)	0.3608509037216031
  (0, 14)	0.3764110373722766
  (0, 29)	0.4990213969564094
  (0, 11)	0.2411312322127396
  (0, 25)	0.2411312322127396
  (0, 30)	0.4822624644254792",1,0.1
140,"  (0, 8)	0.3608509037216031
  (0, 37)	0.3608509037216031
  (0, 14)	0.3764110373722766
  (0, 29)	0.4990213969564094
  (0, 11)	0.2411312322127396
  (0, 25)	0.2411312322127396
  (0, 30)	0.4822624644254792",1,0.1
141,"  (0, 6)	0.17485923274519022
  (0, 35)	0.17485923274519022
  (0, 42)	0.5788397424458201
  (0, 8)	0.06966617106749701
  (0, 37)	0.06966617106749701
  (0, 14)	0.2906808928654057
  (0, 3)	0.06966617106749701
  (0, 10)	0.31509423171895945
  (0, 29)	0.48170739837647353
  (0, 9)	0.4005097536696964
  (0, 11)	0.046552993216304295
  (0, 25)	0.046552993216304295
  (0, 30)	0.09310598643260859",6,0.6
142,"  (0, 8)	0.11645748671988969
  (0, 37)	0.11645748671988969
  (0, 14)	0.12147921186812723
  (0, 3)	0.11645748671988969
  (0, 10)	0.7023032220400924
  (0, 29)	0.6441971142056773
  (0, 11)	0.07782033239642569
  (0, 25)	0.07782033239642569
  (0, 30)	0.15564066479285138",7,0.7
143,"  (0, 8)	0.2633681298623338
  (0, 37)	0.2633681298623338
  (0, 14)	0.2747247407443381
  (0, 3)	0.2633681298623338
  (0, 29)	0.7284245693844482
  (0, 11)	0.1759903634002384
  (0, 25)	0.1759903634002384
  (0, 30)	0.3519807268004768",3,0.3
144,"  (0, 8)	0.2633681298623338
  (0, 37)	0.2633681298623338
  (0, 14)	0.2747247407443381
  (0, 3)	0.2633681298623338
  (0, 29)	0.7284245693844482
  (0, 11)	0.1759903634002384
  (0, 25)	0.1759903634002384
  (0, 30)	0.3519807268004768",3,0.3
145,"  (0, 8)	0.2633681298623338
  (0, 37)	0.2633681298623338
  (0, 14)	0.2747247407443381
  (0, 3)	0.2633681298623338
  (0, 29)	0.7284245693844482
  (0, 11)	0.1759903634002384
  (0, 25)	0.1759903634002384
  (0, 30)	0.3519807268004768",3,0.3
146,"  (0, 7)	0.537561549050596
  (0, 36)	0.537561549050596
  (0, 3)	0.31862475618382746
  (0, 29)	0.22031338884829016
  (0, 11)	0.21291447320681997
  (0, 25)	0.21291447320681997
  (0, 30)	0.42582894641363994",1,0.1
147,"  (0, 8)	0.3850128658668893
  (0, 37)	0.3850128658668893
  (0, 14)	0.40161487957485437
  (0, 29)	0.665543775107579
  (0, 11)	0.12863848449145962
  (0, 25)	0.12863848449145962
  (0, 30)	0.25727696898291924",3,0.3
148,"  (0, 34)	0.6525480532899867
  (0, 3)	0.37163732985623715
  (0, 29)	0.2569689830250337
  (0, 11)	0.24833904075136706
  (0, 25)	0.24833904075136706
  (0, 30)	0.4966780815027341",1,0.1
149,"  (0, 8)	0.2633681298623338
  (0, 37)	0.2633681298623338
  (0, 14)	0.2747247407443381
  (0, 3)	0.2633681298623338
  (0, 29)	0.7284245693844482
  (0, 11)	0.1759903634002384
  (0, 25)	0.1759903634002384
  (0, 30)	0.3519807268004768",2,0.2
150,"  (0, 14)	0.3463582439479134
  (0, 3)	0.3320404369981881
  (0, 29)	0.6887690220862793
  (0, 11)	0.22187922738195526
  (0, 25)	0.22187922738195526
  (0, 30)	0.4437584547639105",1,0.1
151,"  (0, 20)	0.46909947215391007
  (0, 22)	0.3003083282597716
  (0, 8)	0.283579617479517
  (0, 37)	0.283579617479517
  (0, 14)	0.29580776130035785
  (0, 29)	0.5882441836927047
  (0, 9)	0.20378686133121204
  (0, 11)	0.0947481382033734
  (0, 25)	0.0947481382033734
  (0, 30)	0.1894962764067468",4,0.4
152,"  (0, 20)	0.5043914355838331
  (0, 41)	0.42596273369202103
  (0, 22)	0.32290155457482467
  (0, 8)	0.15245714273142313
  (0, 37)	0.15245714273142313
  (0, 14)	0.15903119725764084
  (0, 29)	0.5270831772705826
  (0, 9)	0.21911844638837932
  (0, 11)	0.10187636585447946
  (0, 25)	0.10187636585447946
  (0, 30)	0.2037527317089589",4,0.4
153,"  (0, 21)	0.5677560712179308
  (0, 41)	0.4060929731016134
  (0, 22)	0.3078392590353489
  (0, 8)	0.1453455184348216
  (0, 37)	0.1453455184348216
  (0, 14)	0.15161291493860612
  (0, 29)	0.5024964805592923
  (0, 9)	0.20889729151658468
  (0, 11)	0.09712416844555573
  (0, 25)	0.09712416844555573
  (0, 30)	0.19424833689111146",4,0.4
154,"  (0, 42)	0.4561121022848265
  (0, 16)	0.5690715181864386
  (0, 22)	0.46506916624489786
  (0, 29)	0.15182963991468712
  (0, 9)	0.31559226558974907
  (0, 11)	0.146730654766866
  (0, 25)	0.146730654766866
  (0, 30)	0.293461309533732",1,0.1
155,"  (0, 42)	0.4561121022848265
  (0, 16)	0.5690715181864386
  (0, 22)	0.46506916624489786
  (0, 29)	0.15182963991468712
  (0, 9)	0.31559226558974907
  (0, 11)	0.146730654766866
  (0, 25)	0.146730654766866
  (0, 30)	0.293461309533732",1,0.1
156,"  (0, 42)	0.4561121022848265
  (0, 16)	0.5690715181864386
  (0, 22)	0.46506916624489786
  (0, 29)	0.15182963991468712
  (0, 9)	0.31559226558974907
  (0, 11)	0.146730654766866
  (0, 25)	0.146730654766866
  (0, 30)	0.293461309533732",1,0.1
157,"  (0, 42)	0.4561121022848265
  (0, 16)	0.5690715181864386
  (0, 22)	0.46506916624489786
  (0, 29)	0.15182963991468712
  (0, 9)	0.31559226558974907
  (0, 11)	0.146730654766866
  (0, 25)	0.146730654766866
  (0, 30)	0.293461309533732",1,0.1
158,"  (0, 42)	0.4561121022848265
  (0, 16)	0.5690715181864386
  (0, 22)	0.46506916624489786
  (0, 29)	0.15182963991468712
  (0, 9)	0.31559226558974907
  (0, 11)	0.146730654766866
  (0, 25)	0.146730654766866
  (0, 30)	0.293461309533732",1,0.1
159,"  (0, 42)	0.4561121022848265
  (0, 16)	0.5690715181864386
  (0, 22)	0.46506916624489786
  (0, 29)	0.15182963991468712
  (0, 9)	0.31559226558974907
  (0, 11)	0.146730654766866
  (0, 25)	0.146730654766866
  (0, 30)	0.293461309533732",1,0.1
160,"  (0, 42)	0.4561121022848265
  (0, 16)	0.5690715181864386
  (0, 22)	0.46506916624489786
  (0, 29)	0.15182963991468712
  (0, 9)	0.31559226558974907
  (0, 11)	0.146730654766866
  (0, 25)	0.146730654766866
  (0, 30)	0.293461309533732",1,0.1
161,"  (0, 42)	0.4561121022848265
  (0, 16)	0.5690715181864386
  (0, 22)	0.46506916624489786
  (0, 29)	0.15182963991468712
  (0, 9)	0.31559226558974907
  (0, 11)	0.146730654766866
  (0, 25)	0.146730654766866
  (0, 30)	0.293461309533732",1,0.1
162,"  (0, 22)	0.6797343964449102
  (0, 29)	0.2219107095040406
  (0, 9)	0.46126239652784834
  (0, 11)	0.21445815009245703
  (0, 25)	0.21445815009245703
  (0, 30)	0.42891630018491406",1,0.1
163,"  (0, 7)	0.2783983164402048
  (0, 34)	0.2897417583271341
  (0, 36)	0.2783983164402048
  (0, 16)	0.4276510932072783
  (0, 22)	0.3494944501799311
  (0, 14)	0.34425675602708133
  (0, 29)	0.4563933313528513
  (0, 9)	0.23716417545782242
  (0, 11)	0.11026650062903351
  (0, 25)	0.11026650062903351
  (0, 30)	0.22053300125806702",3,0.3
164,"  (0, 34)	0.3740914571294682
  (0, 16)	0.5521489947620666
  (0, 22)	0.4512393687445526
  (0, 14)	0.22223843782888747
  (0, 29)	0.29462934051292966
  (0, 9)	0.30620747415964367
  (0, 11)	0.1423673140214375
  (0, 25)	0.1423673140214375
  (0, 30)	0.284734628042875",2,0.2
165,"  (0, 33)	0.6790508847883652
  (0, 34)	0.36039234624074695
  (0, 22)	0.434715125723283
  (0, 29)	0.1419200536061298
  (0, 9)	0.2949942532653305
  (0, 11)	0.1371538679922915
  (0, 25)	0.1371538679922915
  (0, 30)	0.274307735984583",1,0.1
166,"  (0, 34)	0.6525480532899867
  (0, 3)	0.37163732985623715
  (0, 29)	0.2569689830250337
  (0, 11)	0.24833904075136706
  (0, 25)	0.24833904075136706
  (0, 30)	0.4966780815027341",1,0.1
167,"  (0, 34)	0.6525480532899867
  (0, 3)	0.37163732985623715
  (0, 29)	0.2569689830250337
  (0, 11)	0.24833904075136706
  (0, 25)	0.24833904075136706
  (0, 30)	0.4966780815027341",1,0.1
168,"  (0, 6)	0.17485923274519022
  (0, 35)	0.17485923274519022
  (0, 42)	0.5788397424458201
  (0, 8)	0.06966617106749701
  (0, 37)	0.06966617106749701
  (0, 14)	0.2906808928654057
  (0, 3)	0.06966617106749701
  (0, 10)	0.31509423171895945
  (0, 29)	0.48170739837647353
  (0, 9)	0.4005097536696964
  (0, 11)	0.046552993216304295
  (0, 25)	0.046552993216304295
  (0, 30)	0.09310598643260859",9,0.9
169,"  (0, 8)	0.34687869837670743
  (0, 37)	0.34687869837670743
  (0, 14)	0.3618363411362151
  (0, 3)	0.17343934918835371
  (0, 29)	0.7195488116550998
  (0, 11)	0.11589729595420052
  (0, 25)	0.11589729595420052
  (0, 30)	0.23179459190840104",3,0.3
170,"  (0, 8)	0.4562066478389147
  (0, 37)	0.4562066478389147
  (0, 14)	0.31725239020353196
  (0, 3)	0.15206888261297155
  (0, 29)	0.6308890357692258
  (0, 11)	0.10161691897540631
  (0, 25)	0.10161691897540631
  (0, 30)	0.20323383795081262",3,0.3
171,"  (0, 8)	0.4562066478389147
  (0, 37)	0.4562066478389147
  (0, 14)	0.31725239020353196
  (0, 3)	0.15206888261297155
  (0, 29)	0.6308890357692258
  (0, 11)	0.10161691897540631
  (0, 25)	0.10161691897540631
  (0, 30)	0.20323383795081262",3,0.3
172,"  (0, 6)	0.6131510747074653
  (0, 35)	0.6131510747074653
  (0, 3)	0.24428728749506015
  (0, 29)	0.16891267585479908
  (0, 11)	0.16323998094525247
  (0, 25)	0.16323998094525247
  (0, 30)	0.32647996189050493",1,0.1
173,"  (0, 6)	0.36086892897581685
  (0, 35)	0.36086892897581685
  (0, 42)	0.5972955348873522
  (0, 3)	0.1437748304409463
  (0, 10)	0.21676048812089674
  (0, 29)	0.29823972724132874
  (0, 9)	0.4132796523869202
  (0, 11)	0.09607458833510349
  (0, 25)	0.09607458833510349
  (0, 30)	0.19214917667020698",4,0.4
174,"  (0, 6)	0.28859082139323294
  (0, 35)	0.28859082139323294
  (0, 42)	0.71649563811243
  (0, 7)	0.19398340055306326
  (0, 36)	0.19398340055306326
  (0, 3)	0.114978301208653
  (0, 10)	0.17334572829516098
  (0, 29)	0.23850556516722618
  (0, 9)	0.3305042489691422
  (0, 11)	0.07683189694755424
  (0, 25)	0.07683189694755424
  (0, 30)	0.15366379389510848",5,0.5
175,"  (0, 6)	0.28859082139323294
  (0, 35)	0.28859082139323294
  (0, 42)	0.71649563811243
  (0, 7)	0.19398340055306326
  (0, 36)	0.19398340055306326
  (0, 3)	0.114978301208653
  (0, 10)	0.17334572829516098
  (0, 29)	0.23850556516722618
  (0, 9)	0.3305042489691422
  (0, 11)	0.07683189694755424
  (0, 25)	0.07683189694755424
  (0, 30)	0.15366379389510848",5,0.5
176,"  (0, 6)	0.22330383963100547
  (0, 35)	0.22330383963100547
  (0, 42)	0.7392068179066705
  (0, 7)	0.15009915408624314
  (0, 36)	0.15009915408624314
  (0, 3)	0.08896712657107583
  (0, 10)	0.2682605532987346
  (0, 29)	0.24606561506049549
  (0, 9)	0.38360298910169266
  (0, 11)	0.05945046177038566
  (0, 25)	0.05945046177038566
  (0, 30)	0.11890092354077132",7,0.7
177,"  (0, 42)	0.590473477255532
  (0, 14)	0.09884103491623702
  (0, 10)	0.7142824708848753
  (0, 29)	0.32759262098719893
  (0, 11)	0.06331817661064698
  (0, 25)	0.06331817661064698
  (0, 30)	0.12663635322129396",6,0.6
178,"  (0, 28)	0.5367166540099733
  (0, 42)	0.4441757591179595
  (0, 8)	0.21383482957128497
  (0, 37)	0.21383482957128497
  (0, 10)	0.322385649094252
  (0, 29)	0.4435688851132426
  (0, 11)	0.1428907490953811
  (0, 25)	0.1428907490953811
  (0, 30)	0.2857814981907622",2,0.2
179,"  (0, 40)	0.7692702322158926
  (0, 29)	0.2486297695276632
  (0, 11)	0.24027988802336606
  (0, 25)	0.24027988802336606
  (0, 30)	0.4805597760467321",1,0.1
180,"  (0, 40)	0.7692702322158926
  (0, 29)	0.2486297695276632
  (0, 11)	0.24027988802336606
  (0, 25)	0.24027988802336606
  (0, 30)	0.4805597760467321",1,0.1
181,"  (0, 40)	0.7692702322158926
  (0, 29)	0.2486297695276632
  (0, 11)	0.24027988802336606
  (0, 25)	0.24027988802336606
  (0, 30)	0.4805597760467321",1,0.1
182,"  (0, 17)	0.7227679477223315
  (0, 40)	0.46737570342710166
  (0, 10)	0.3293640645739775
  (0, 29)	0.15105681795483503
  (0, 11)	0.1459837869467814
  (0, 25)	0.1459837869467814
  (0, 30)	0.2919675738935628",2,0.2
183,"  (0, 17)	0.7227679477223315
  (0, 40)	0.46737570342710166
  (0, 10)	0.3293640645739775
  (0, 29)	0.15105681795483503
  (0, 11)	0.1459837869467814
  (0, 25)	0.1459837869467814
  (0, 30)	0.2919675738935628",2,0.2
184,"  (0, 40)	0.46400648087930985
  (0, 8)	0.21688867317798013
  (0, 37)	0.21688867317798013
  (0, 14)	0.45248211725807386
  (0, 29)	0.5998715123451593
  (0, 11)	0.1449314175938464
  (0, 25)	0.1449314175938464
  (0, 30)	0.2898628351876928",2,0.2
185,"  (0, 41)	0.3202550380022528
  (0, 0)	0.1636914597339081
  (0, 40)	0.12261096766939567
  (0, 8)	0.28655774424194286
  (0, 37)	0.28655774424194286
  (0, 14)	0.4782628910266432
  (0, 29)	0.673678118639398
  (0, 11)	0.03829726973468908
  (0, 25)	0.03829726973468908
  (0, 30)	0.07659453946937816",10,1.0
186,"  (0, 33)	0.39400326665759206
  (0, 24)	0.33273901321260574
  (0, 18)	0.33273901321260574
  (0, 40)	0.2547810185647754
  (0, 7)	0.20092250106056553
  (0, 36)	0.20092250106056553
  (0, 22)	0.25223320289733614
  (0, 8)	0.11909126131757977
  (0, 37)	0.11909126131757977
  (0, 14)	0.12422655659775586
  (0, 29)	0.5764203564762908
  (0, 11)	0.07958029837562022
  (0, 25)	0.07958029837562022
  (0, 30)	0.15916059675124045",2,0.2
187,"  (0, 32)	0.3524955234235992
  (0, 24)	0.5042516051128331
  (0, 18)	0.25212580255641653
  (0, 40)	0.19305481542899422
  (0, 7)	0.15224468673641658
  (0, 36)	0.15224468673641658
  (0, 22)	0.1911242631209951
  (0, 8)	0.18047766354326136
  (0, 37)	0.18047766354326136
  (0, 14)	0.18825998177145958
  (0, 29)	0.5615615297533189
  (0, 11)	0.0603002527473752
  (0, 25)	0.0603002527473752
  (0, 30)	0.1206005054947504",2,0.2
188,"  (0, 40)	0.22175357803309792
  (0, 7)	0.1748767775893462
  (0, 34)	0.18200219626760275
  (0, 36)	0.1748767775893462
  (0, 8)	0.41461351333649354
  (0, 37)	0.41461351333649354
  (0, 14)	0.2162459634353004
  (0, 3)	0.10365337833412339
  (0, 10)	0.31254367421859697
  (0, 29)	0.5733698114327193
  (0, 11)	0.06926424898191029
  (0, 25)	0.06926424898191029
  (0, 30)	0.13852849796382058",5,0.5
189,"  (0, 40)	0.7692702322158926
  (0, 29)	0.2486297695276632
  (0, 11)	0.24027988802336606
  (0, 25)	0.24027988802336606
  (0, 30)	0.4805597760467321",1,0.1
190,"  (0, 40)	0.7692702322158926
  (0, 29)	0.2486297695276632
  (0, 11)	0.24027988802336606
  (0, 25)	0.24027988802336606
  (0, 30)	0.4805597760467321",1,0.1
191,"  (0, 40)	0.7692702322158926
  (0, 29)	0.2486297695276632
  (0, 11)	0.24027988802336606
  (0, 25)	0.24027988802336606
  (0, 30)	0.4805597760467321",1,0.1
192,"  (0, 40)	0.7692702322158926
  (0, 29)	0.2486297695276632
  (0, 11)	0.24027988802336606
  (0, 25)	0.24027988802336606
  (0, 30)	0.4805597760467321",1,0.1
193,"  (0, 40)	0.7692702322158926
  (0, 29)	0.2486297695276632
  (0, 11)	0.24027988802336606
  (0, 25)	0.24027988802336606
  (0, 30)	0.4805597760467321",1,0.1
194,"  (0, 40)	0.7692702322158926
  (0, 29)	0.2486297695276632
  (0, 11)	0.24027988802336606
  (0, 25)	0.24027988802336606
  (0, 30)	0.4805597760467321",1,0.1
195,"  (0, 40)	0.48758537915186284
  (0, 7)	0.3845140207524892
  (0, 36)	0.3845140207524892
  (0, 8)	0.227910062257808
  (0, 37)	0.227910062257808
  (0, 29)	0.47276588395102637
  (0, 11)	0.15229623531248307
  (0, 25)	0.15229623531248307
  (0, 30)	0.30459247062496614",3,0.3
196,"  (0, 40)	0.7692702322158926
  (0, 29)	0.2486297695276632
  (0, 11)	0.24027988802336606
  (0, 25)	0.24027988802336606
  (0, 30)	0.4805597760467321",1,0.1
197,"  (0, 41)	0.20432122806966024
  (0, 13)	0.4838821305002727
  (0, 34)	0.1284052640394649
  (0, 8)	0.36564502205253996
  (0, 37)	0.36564502205253996
  (0, 14)	0.22884712878589225
  (0, 3)	0.073129004410508
  (0, 29)	0.6067814307116294
  (0, 11)	0.04886696073678416
  (0, 25)	0.04886696073678416
  (0, 30)	0.09773392147356832",7,0.7
198,"  (0, 34)	0.5619609183078434
  (0, 14)	0.3338470158178448
  (0, 3)	0.32004639981766486
  (0, 29)	0.4425927713654754
  (0, 11)	0.21386445747361588
  (0, 25)	0.21386445747361588
  (0, 30)	0.42772891494723175",1,0.1
199,"  (0, 7)	0.2884906545840904
  (0, 34)	0.3002453125038688
  (0, 36)	0.2884906545840904
  (0, 14)	0.5351048355526568
  (0, 3)	0.17099486494246433
  (0, 29)	0.5911728050000491
  (0, 11)	0.11426381937909211
  (0, 25)	0.11426381937909211
  (0, 30)	0.22852763875818422",2,0.2
200,"  (0, 34)	0.4667282313114516
  (0, 8)	0.26580974807694474
  (0, 37)	0.26580974807694474
  (0, 14)	0.2772716431784188
  (0, 3)	0.26580974807694474
  (0, 29)	0.5513832047057466
  (0, 11)	0.17762192480859346
  (0, 25)	0.17762192480859346
  (0, 30)	0.3552438496171869",2,0.2
201,"  (0, 14)	0.3463582439479134
  (0, 3)	0.3320404369981881
  (0, 29)	0.6887690220862793
  (0, 11)	0.22187922738195526
  (0, 25)	0.22187922738195526
  (0, 30)	0.4437584547639105",1,0.1
202,"  (0, 14)	0.3463582439479134
  (0, 3)	0.3320404369981881
  (0, 29)	0.6887690220862793
  (0, 11)	0.22187922738195526
  (0, 25)	0.22187922738195526
  (0, 30)	0.4437584547639105",1,0.1
203,"  (0, 7)	0.2884906545840904
  (0, 34)	0.3002453125038688
  (0, 36)	0.2884906545840904
  (0, 14)	0.5351048355526568
  (0, 3)	0.17099486494246433
  (0, 29)	0.5911728050000491
  (0, 11)	0.11426381937909211
  (0, 25)	0.11426381937909211
  (0, 30)	0.22852763875818422",2,0.2
204,"  (0, 14)	0.3463582439479134
  (0, 3)	0.3320404369981881
  (0, 29)	0.6887690220862793
  (0, 11)	0.22187922738195526
  (0, 25)	0.22187922738195526
  (0, 30)	0.4437584547639105",1,0.1
205,"  (0, 41)	0.29688274672184306
  (0, 42)	0.44143578276214435
  (0, 7)	0.35854180979354594
  (0, 36)	0.35854180979354594
  (0, 8)	0.21251575178496326
  (0, 37)	0.21251575178496326
  (0, 14)	0.22167957392464277
  (0, 10)	0.16019847823506422
  (0, 29)	0.5143047610943084
  (0, 11)	0.07100465117867608
  (0, 25)	0.07100465117867608
  (0, 30)	0.14200930235735215",7,0.7
206,"  (0, 8)	0.17491755488858934
  (0, 37)	0.17491755488858934
  (0, 14)	0.5473803524768144
  (0, 3)	0.17491755488858934
  (0, 29)	0.7256814520274482
  (0, 11)	0.11688507666442068
  (0, 25)	0.11688507666442068
  (0, 30)	0.23377015332884135",2,0.2
207,"  (0, 42)	0.47556803493309713
  (0, 7)	0.3862646178294707
  (0, 36)	0.3862646178294707
  (0, 14)	0.2388200582573826
  (0, 3)	0.2289476803088283
  (0, 29)	0.4749182698976339
  (0, 11)	0.15298960234199102
  (0, 25)	0.15298960234199102
  (0, 30)	0.30597920468398204",2,0.2
208,"  (0, 42)	0.47556803493309713
  (0, 7)	0.3862646178294707
  (0, 36)	0.3862646178294707
  (0, 14)	0.2388200582573826
  (0, 3)	0.2289476803088283
  (0, 29)	0.4749182698976339
  (0, 11)	0.15298960234199102
  (0, 25)	0.15298960234199102
  (0, 30)	0.30597920468398204",2,0.2
209,"  (0, 8)	0.30055349447446855
  (0, 37)	0.30055349447446855
  (0, 14)	0.31351356328673274
  (0, 3)	0.30055349447446855
  (0, 29)	0.6234539935716424
  (0, 11)	0.20083872236713673
  (0, 25)	0.20083872236713673
  (0, 30)	0.40167744473427347",1,0.1
210,"  (0, 34)	0.6525480532899867
  (0, 3)	0.37163732985623715
  (0, 29)	0.2569689830250337
  (0, 11)	0.24833904075136706
  (0, 25)	0.24833904075136706
  (0, 30)	0.4966780815027341",1,0.1
211,"  (0, 33)	0.33221237771363654
  (0, 24)	0.2805560970983358
  (0, 18)	0.2805560970983358
  (0, 7)	0.33882430660915924
  (0, 34)	0.176314913854724
  (0, 36)	0.33882430660915924
  (0, 22)	0.2126758815572767
  (0, 8)	0.20082874653733207
  (0, 37)	0.20082874653733207
  (0, 3)	0.10041437326866604
  (0, 29)	0.555452906518878
  (0, 11)	0.06709985012764112
  (0, 25)	0.06709985012764112
  (0, 30)	0.13419970025528224",5,0.5
212,"  (0, 33)	0.33221237771363654
  (0, 24)	0.2805560970983358
  (0, 18)	0.2805560970983358
  (0, 7)	0.33882430660915924
  (0, 34)	0.176314913854724
  (0, 36)	0.33882430660915924
  (0, 22)	0.2126758815572767
  (0, 8)	0.20082874653733207
  (0, 37)	0.20082874653733207
  (0, 3)	0.10041437326866604
  (0, 29)	0.555452906518878
  (0, 11)	0.06709985012764112
  (0, 25)	0.06709985012764112
  (0, 30)	0.13419970025528224",5,0.5
213,"  (0, 6)	0.6131510747074653
  (0, 35)	0.6131510747074653
  (0, 3)	0.24428728749506015
  (0, 29)	0.16891267585479908
  (0, 11)	0.16323998094525247
  (0, 25)	0.16323998094525247
  (0, 30)	0.32647996189050493",1,0.1
214,"  (0, 7)	0.2907246641676938
  (0, 36)	0.2907246641676938
  (0, 8)	0.3446380248016508
  (0, 37)	0.3446380248016508
  (0, 14)	0.35949904820968714
  (0, 3)	0.1723190124008254
  (0, 29)	0.5957507200588223
  (0, 11)	0.11514865382171915
  (0, 25)	0.11514865382171915
  (0, 30)	0.2302973076434383",3,0.3
215,"  (0, 7)	0.2907246641676938
  (0, 36)	0.2907246641676938
  (0, 8)	0.3446380248016508
  (0, 37)	0.3446380248016508
  (0, 14)	0.35949904820968714
  (0, 3)	0.1723190124008254
  (0, 29)	0.5957507200588223
  (0, 11)	0.11514865382171915
  (0, 25)	0.11514865382171915
  (0, 30)	0.2302973076434383",3,0.3
216,"  (0, 8)	0.2633681298623338
  (0, 37)	0.2633681298623338
  (0, 14)	0.2747247407443381
  (0, 3)	0.2633681298623338
  (0, 29)	0.7284245693844482
  (0, 11)	0.1759903634002384
  (0, 25)	0.1759903634002384
  (0, 30)	0.3519807268004768",2,0.2
217,"  (0, 8)	0.2633681298623338
  (0, 37)	0.2633681298623338
  (0, 14)	0.2747247407443381
  (0, 3)	0.2633681298623338
  (0, 29)	0.7284245693844482
  (0, 11)	0.1759903634002384
  (0, 25)	0.1759903634002384
  (0, 30)	0.3519807268004768",2,0.2
218,"  (0, 0)	0.519196464512316
  (0, 7)	0.30668782173255676
  (0, 34)	0.31918392992651345
  (0, 36)	0.30668782173255676
  (0, 8)	0.18178073300939843
  (0, 37)	0.18178073300939843
  (0, 3)	0.18178073300939843
  (0, 29)	0.5027698386816006
  (0, 11)	0.12147125500039897
  (0, 25)	0.12147125500039897
  (0, 30)	0.24294251000079795",3,0.3
219,"  (0, 8)	0.17389084813621475
  (0, 37)	0.17389084813621475
  (0, 14)	0.18138913845424587
  (0, 3)	0.17389084813621475
  (0, 10)	0.524329119445485
  (0, 29)	0.721421947900809
  (0, 11)	0.11619900088695158
  (0, 25)	0.11619900088695158
  (0, 30)	0.23239800177390316",4,0.4
220,"  (0, 8)	0.17389084813621475
  (0, 37)	0.17389084813621475
  (0, 14)	0.18138913845424587
  (0, 3)	0.17389084813621475
  (0, 10)	0.524329119445485
  (0, 29)	0.721421947900809
  (0, 11)	0.11619900088695158
  (0, 25)	0.11619900088695158
  (0, 30)	0.23239800177390316",4,0.4
221,"  (0, 8)	0.2633681298623338
  (0, 37)	0.2633681298623338
  (0, 14)	0.2747247407443381
  (0, 3)	0.2633681298623338
  (0, 29)	0.7284245693844482
  (0, 11)	0.1759903634002384
  (0, 25)	0.1759903634002384
  (0, 30)	0.3519807268004768",2,0.2
222,"  (0, 28)	0.42389731186763513
  (0, 7)	0.28493297757845604
  (0, 34)	0.29654267663899314
  (0, 36)	0.28493297757845604
  (0, 14)	0.35233726913490315
  (0, 3)	0.16888615019063158
  (0, 29)	0.5838824409577991
  (0, 11)	0.11285471389743616
  (0, 25)	0.11285471389743616
  (0, 30)	0.22570942779487232",3,0.3
223,"  (0, 7)	0.4120711836380456
  (0, 36)	0.4120711836380456
  (0, 8)	0.24424380919531824
  (0, 37)	0.24424380919531824
  (0, 14)	0.25477576650852707
  (0, 3)	0.24424380919531824
  (0, 29)	0.506647838230032
  (0, 11)	0.1632109274611593
  (0, 25)	0.1632109274611593
  (0, 30)	0.3264218549223186",2,0.2
224,"  (0, 7)	0.4120711836380456
  (0, 36)	0.4120711836380456
  (0, 8)	0.24424380919531824
  (0, 37)	0.24424380919531824
  (0, 14)	0.25477576650852707
  (0, 3)	0.24424380919531824
  (0, 29)	0.506647838230032
  (0, 11)	0.1632109274611593
  (0, 25)	0.1632109274611593
  (0, 30)	0.3264218549223186",2,0.2
225,"  (0, 34)	0.6525480532899867
  (0, 3)	0.37163732985623715
  (0, 29)	0.2569689830250337
  (0, 11)	0.24833904075136706
  (0, 25)	0.24833904075136706
  (0, 30)	0.4966780815027341",1,0.1
226,"  (0, 34)	0.6525480532899867
  (0, 3)	0.37163732985623715
  (0, 29)	0.2569689830250337
  (0, 11)	0.24833904075136706
  (0, 25)	0.24833904075136706
  (0, 30)	0.4966780815027341",1,0.1
227,"  (0, 8)	0.2633681298623338
  (0, 37)	0.2633681298623338
  (0, 14)	0.2747247407443381
  (0, 3)	0.2633681298623338
  (0, 29)	0.7284245693844482
  (0, 11)	0.1759903634002384
  (0, 25)	0.1759903634002384
  (0, 30)	0.3519807268004768",3,0.3
228,"  (0, 8)	0.2633681298623338
  (0, 37)	0.2633681298623338
  (0, 14)	0.2747247407443381
  (0, 3)	0.2633681298623338
  (0, 29)	0.7284245693844482
  (0, 11)	0.1759903634002384
  (0, 25)	0.1759903634002384
  (0, 30)	0.3519807268004768",2,0.2
229,"  (0, 28)	0.4666503201884564
  (0, 7)	0.31367046097417983
  (0, 34)	0.32645107937447526
  (0, 36)	0.31367046097417983
  (0, 3)	0.18591949950006567
  (0, 29)	0.2571084273452102
  (0, 9)	0.5344241818243497
  (0, 11)	0.12423690101497939
  (0, 25)	0.12423690101497939
  (0, 30)	0.24847380202995878",2,0.2
230,"  (0, 28)	0.33613265511820223
  (0, 8)	0.4017587407631029
  (0, 37)	0.4017587407631029
  (0, 14)	0.279388565239104
  (0, 3)	0.13391958025436762
  (0, 29)	0.6481917424950705
  (0, 11)	0.08948901906883404
  (0, 25)	0.08948901906883404
  (0, 30)	0.17897803813766808",3,0.3
231,"  (0, 28)	0.33613265511820223
  (0, 8)	0.4017587407631029
  (0, 37)	0.4017587407631029
  (0, 14)	0.279388565239104
  (0, 3)	0.13391958025436762
  (0, 29)	0.6481917424950705
  (0, 11)	0.08948901906883404
  (0, 25)	0.08948901906883404
  (0, 30)	0.17897803813766808",3,0.3
232,"  (0, 7)	0.3041968821951739
  (0, 34)	0.31659149614071896
  (0, 36)	0.3041968821951739
  (0, 8)	0.18030429741952225
  (0, 37)	0.18030429741952225
  (0, 14)	0.37615827996774265
  (0, 3)	0.18030429741952225
  (0, 29)	0.6233578844307833
  (0, 11)	0.12048465713020422
  (0, 25)	0.12048465713020422
  (0, 30)	0.24096931426040843",3,0.3
233,"  (0, 7)	0.3041968821951739
  (0, 34)	0.31659149614071896
  (0, 36)	0.3041968821951739
  (0, 8)	0.18030429741952225
  (0, 37)	0.18030429741952225
  (0, 14)	0.37615827996774265
  (0, 3)	0.18030429741952225
  (0, 29)	0.6233578844307833
  (0, 11)	0.12048465713020422
  (0, 25)	0.12048465713020422
  (0, 30)	0.24096931426040843",3,0.3
234,"  (0, 44)	0.46422533487928613
  (0, 20)	0.48153939638310567
  (0, 28)	0.3653242682185619
  (0, 8)	0.14554989499416385
  (0, 37)	0.14554989499416385
  (0, 14)	0.15182610435263608
  (0, 29)	0.5032030623850288
  (0, 9)	0.20919103094629554
  (0, 11)	0.09726073889911796
  (0, 25)	0.09726073889911796
  (0, 30)	0.19452147779823592",3,0.3
235,"  (0, 44)	0.46422533487928613
  (0, 20)	0.48153939638310567
  (0, 28)	0.3653242682185619
  (0, 8)	0.14554989499416385
  (0, 37)	0.14554989499416385
  (0, 14)	0.15182610435263608
  (0, 29)	0.5032030623850288
  (0, 9)	0.20919103094629554
  (0, 11)	0.09726073889911796
  (0, 25)	0.09726073889911796
  (0, 30)	0.19452147779823592",3,0.3
236,"  (0, 44)	0.663963410150188
  (0, 43)	0.5945810741141625
  (0, 9)	0.29919778143097947
  (0, 11)	0.13910824554626622
  (0, 25)	0.13910824554626622
  (0, 30)	0.27821649109253244",1,0.1
237,"  (0, 44)	0.663963410150188
  (0, 43)	0.5945810741141625
  (0, 9)	0.29919778143097947
  (0, 11)	0.13910824554626622
  (0, 25)	0.13910824554626622
  (0, 30)	0.27821649109253244",1,0.1
238,"  (0, 44)	0.663963410150188
  (0, 43)	0.5945810741141625
  (0, 9)	0.29919778143097947
  (0, 11)	0.13910824554626622
  (0, 25)	0.13910824554626622
  (0, 30)	0.27821649109253244",1,0.1
239,"  (0, 34)	0.58658613515264
  (0, 8)	0.16703544198755035
  (0, 37)	0.16703544198755035
  (0, 14)	0.17423812258200108
  (0, 3)	0.16703544198755035
  (0, 10)	0.5036581692034418
  (0, 29)	0.46198725702051485
  (0, 11)	0.11161801601231877
  (0, 25)	0.11161801601231877
  (0, 30)	0.22323603202463754",3,0.3
240,"  (0, 34)	0.58658613515264
  (0, 8)	0.16703544198755035
  (0, 37)	0.16703544198755035
  (0, 14)	0.17423812258200108
  (0, 3)	0.16703544198755035
  (0, 10)	0.5036581692034418
  (0, 29)	0.46198725702051485
  (0, 11)	0.11161801601231877
  (0, 25)	0.11161801601231877
  (0, 30)	0.22323603202463754",3,0.3
241,"  (0, 14)	0.3463582439479134
  (0, 3)	0.3320404369981881
  (0, 29)	0.6887690220862793
  (0, 11)	0.22187922738195526
  (0, 25)	0.22187922738195526
  (0, 30)	0.4437584547639105",2,0.2
242,"  (0, 14)	0.3463582439479134
  (0, 3)	0.3320404369981881
  (0, 29)	0.6887690220862793
  (0, 11)	0.22187922738195526
  (0, 25)	0.22187922738195526
  (0, 30)	0.4437584547639105",2,0.2
243,"  (0, 7)	0.30402045618115836
  (0, 34)	0.3164078815838167
  (0, 36)	0.30402045618115836
  (0, 8)	0.18019972577409957
  (0, 37)	0.18019972577409957
  (0, 14)	0.3759401182775414
  (0, 3)	0.18019972577409957
  (0, 10)	0.2716760673495563
  (0, 29)	0.49839708289232476
  (0, 9)	0.2589913679596618
  (0, 11)	0.12041477926803115
  (0, 25)	0.12041477926803115
  (0, 30)	0.2408295585360623",2,0.2
244,"  (0, 7)	0.2935446278983325
  (0, 34)	0.3055052118212609
  (0, 36)	0.2935446278983325
  (0, 8)	0.1739904679908111
  (0, 37)	0.1739904679908111
  (0, 14)	0.362986107967939
  (0, 3)	0.1739904679908111
  (0, 10)	0.2623147504636573
  (0, 29)	0.6015293677971467
  (0, 11)	0.11626556981623491
  (0, 25)	0.11626556981623491
  (0, 30)	0.23253113963246982",2,0.2
245,"  (0, 7)	0.2935446278983325
  (0, 34)	0.3055052118212609
  (0, 36)	0.2935446278983325
  (0, 8)	0.1739904679908111
  (0, 37)	0.1739904679908111
  (0, 14)	0.362986107967939
  (0, 3)	0.1739904679908111
  (0, 10)	0.2623147504636573
  (0, 29)	0.6015293677971467
  (0, 11)	0.11626556981623491
  (0, 25)	0.11626556981623491
  (0, 30)	0.23253113963246982",2,0.2
246,"  (0, 7)	0.3329479941538274
  (0, 36)	0.3329479941538274
  (0, 14)	0.4117108101037622
  (0, 3)	0.19734572468309625
  (0, 29)	0.6822744393811391
  (0, 11)	0.13187224217529986
  (0, 25)	0.13187224217529986
  (0, 30)	0.2637444843505997",2,0.2
247,"  (0, 14)	0.3463582439479134
  (0, 3)	0.3320404369981881
  (0, 29)	0.6887690220862793
  (0, 11)	0.22187922738195526
  (0, 25)	0.22187922738195526
  (0, 30)	0.4437584547639105",3,0.3
248,"  (0, 14)	0.3463582439479134
  (0, 3)	0.3320404369981881
  (0, 29)	0.6887690220862793
  (0, 11)	0.22187922738195526
  (0, 25)	0.22187922738195526
  (0, 30)	0.4437584547639105",3,0.3
249,"  (0, 8)	0.2633681298623338
  (0, 37)	0.2633681298623338
  (0, 14)	0.2747247407443381
  (0, 3)	0.2633681298623338
  (0, 29)	0.7284245693844482
  (0, 11)	0.1759903634002384
  (0, 25)	0.1759903634002384
  (0, 30)	0.3519807268004768",3,0.3
250,"  (0, 8)	0.2633681298623338
  (0, 37)	0.2633681298623338
  (0, 14)	0.2747247407443381
  (0, 3)	0.2633681298623338
  (0, 29)	0.7284245693844482
  (0, 11)	0.1759903634002384
  (0, 25)	0.1759903634002384
  (0, 30)	0.3519807268004768",3,0.3
251,"  (0, 41)	0.3547366630343388
  (0, 0)	0.36263199826894177
  (0, 8)	0.1269644825488357
  (0, 37)	0.1269644825488357
  (0, 14)	0.39731782927038667
  (0, 3)	0.1269644825488357
  (0, 29)	0.7023176917882785
  (0, 11)	0.08484141735134246
  (0, 25)	0.08484141735134246
  (0, 30)	0.16968283470268491",5,0.5
252,"  (0, 8)	0.2633681298623338
  (0, 37)	0.2633681298623338
  (0, 14)	0.2747247407443381
  (0, 3)	0.2633681298623338
  (0, 29)	0.7284245693844482
  (0, 11)	0.1759903634002384
  (0, 25)	0.1759903634002384
  (0, 30)	0.3519807268004768",3,0.3
253,"  (0, 8)	0.2633681298623338
  (0, 37)	0.2633681298623338
  (0, 14)	0.2747247407443381
  (0, 3)	0.2633681298623338
  (0, 29)	0.7284245693844482
  (0, 11)	0.1759903634002384
  (0, 25)	0.1759903634002384
  (0, 30)	0.3519807268004768",3,0.3
254,"  (0, 8)	0.3215623191710967
  (0, 37)	0.3215623191710967
  (0, 14)	0.5031424539499414
  (0, 3)	0.16078115958554834
  (0, 29)	0.6670337086578432
  (0, 11)	0.10743871978041937
  (0, 25)	0.10743871978041937
  (0, 30)	0.21487743956083874",2,0.2
255,"  (0, 14)	0.3463582439479134
  (0, 3)	0.3320404369981881
  (0, 29)	0.6887690220862793
  (0, 11)	0.22187922738195526
  (0, 25)	0.22187922738195526
  (0, 30)	0.4437584547639105",2,0.2
256,"  (0, 14)	0.3463582439479134
  (0, 3)	0.3320404369981881
  (0, 29)	0.6887690220862793
  (0, 11)	0.22187922738195526
  (0, 25)	0.22187922738195526
  (0, 30)	0.4437584547639105",3,0.3
257,"  (0, 7)	0.3964534133841023
  (0, 36)	0.3964534133841023
  (0, 14)	0.2451195965417924
  (0, 3)	0.2349868073727616
  (0, 29)	0.6499274003312518
  (0, 11)	0.1570251254220136
  (0, 25)	0.1570251254220136
  (0, 30)	0.3140502508440272",3,0.3
258,"  (0, 7)	0.3964534133841023
  (0, 36)	0.3964534133841023
  (0, 14)	0.2451195965417924
  (0, 3)	0.2349868073727616
  (0, 29)	0.6499274003312518
  (0, 11)	0.1570251254220136
  (0, 25)	0.1570251254220136
  (0, 30)	0.3140502508440272",3,0.3
259,"  (0, 7)	0.2594592154648534
  (0, 34)	0.5400619534214168
  (0, 36)	0.2594592154648534
  (0, 8)	0.15378728149947168
  (0, 37)	0.15378728149947168
  (0, 14)	0.32083738500784537
  (0, 3)	0.15378728149947168
  (0, 10)	0.23185564609866238
  (0, 29)	0.5316818058130898
  (0, 11)	0.10276520386720321
  (0, 25)	0.10276520386720321
  (0, 30)	0.20553040773440642",3,0.3
260,"  (0, 7)	0.2594592154648534
  (0, 34)	0.5400619534214168
  (0, 36)	0.2594592154648534
  (0, 8)	0.15378728149947168
  (0, 37)	0.15378728149947168
  (0, 14)	0.32083738500784537
  (0, 3)	0.15378728149947168
  (0, 10)	0.23185564609866238
  (0, 29)	0.5316818058130898
  (0, 11)	0.10276520386720321
  (0, 25)	0.10276520386720321
  (0, 30)	0.20553040773440642",3,0.3
261,"  (0, 7)	0.3964534133841023
  (0, 36)	0.3964534133841023
  (0, 14)	0.2451195965417924
  (0, 3)	0.2349868073727616
  (0, 29)	0.6499274003312518
  (0, 11)	0.1570251254220136
  (0, 25)	0.1570251254220136
  (0, 30)	0.3140502508440272",4,0.4
262,"  (0, 12)	0.35410885302284656
  (0, 31)	0.5352785764501844
  (0, 8)	0.15497329752307007
  (0, 37)	0.15497329752307007
  (0, 3)	0.15497329752307007
  (0, 10)	0.46728745933876314
  (0, 29)	0.4286257322529403
  (0, 9)	0.2227347802572989
  (0, 11)	0.10355773480517468
  (0, 25)	0.10355773480517468
  (0, 30)	0.20711546961034935",4,0.4
263,"  (0, 12)	0.4264638354623978
  (0, 8)	0.18663895661394186
  (0, 37)	0.18663895661394186
  (0, 10)	0.5627682009978747
  (0, 29)	0.5162067318962911
  (0, 9)	0.268246127902579
  (0, 11)	0.12471766350886253
  (0, 25)	0.12471766350886253
  (0, 30)	0.24943532701772506",4,0.4
264,"  (0, 12)	0.3430119073738758
  (0, 8)	0.15011679578645767
  (0, 37)	0.15011679578645767
  (0, 10)	0.6789656401615306
  (0, 29)	0.5189920017338548
  (0, 9)	0.21575479167595943
  (0, 11)	0.10031247689972093
  (0, 25)	0.10031247689972093
  (0, 30)	0.20062495379944187",5,0.5
265,"  (0, 12)	0.3430119073738758
  (0, 8)	0.15011679578645767
  (0, 37)	0.15011679578645767
  (0, 10)	0.6789656401615306
  (0, 29)	0.5189920017338548
  (0, 9)	0.21575479167595943
  (0, 11)	0.10031247689972093
  (0, 25)	0.10031247689972093
  (0, 30)	0.20062495379944187",5,0.5
266,"  (0, 12)	0.23794328806821397
  (0, 8)	0.10413423912062934
  (0, 37)	0.10413423912062934
  (0, 10)	0.7849840070288603
  (0, 29)	0.5040260265212239
  (0, 9)	0.14966653764556812
  (0, 11)	0.06958557436249581
  (0, 25)	0.06958557436249581
  (0, 30)	0.13917114872499162",7,0.7
267,"  (0, 12)	0.4264638354623978
  (0, 8)	0.18663895661394186
  (0, 37)	0.18663895661394186
  (0, 10)	0.5627682009978747
  (0, 29)	0.5162067318962911
  (0, 9)	0.268246127902579
  (0, 11)	0.12471766350886253
  (0, 25)	0.12471766350886253
  (0, 30)	0.24943532701772506",4,0.4
268,"  (0, 12)	0.4264638354623978
  (0, 8)	0.18663895661394186
  (0, 37)	0.18663895661394186
  (0, 10)	0.5627682009978747
  (0, 29)	0.5162067318962911
  (0, 9)	0.268246127902579
  (0, 11)	0.12471766350886253
  (0, 25)	0.12471766350886253
  (0, 30)	0.24943532701772506",4,0.4
269,"  (0, 12)	0.613353656351939
  (0, 8)	0.2684299978982994
  (0, 37)	0.2684299978982994
  (0, 29)	0.3712123515687792
  (0, 9)	0.38579998975271523
  (0, 11)	0.17937285313276335
  (0, 25)	0.17937285313276335
  (0, 30)	0.3587457062655267",2,0.2
270,"  (0, 12)	0.613353656351939
  (0, 8)	0.2684299978982994
  (0, 37)	0.2684299978982994
  (0, 29)	0.3712123515687792
  (0, 9)	0.38579998975271523
  (0, 11)	0.17937285313276335
  (0, 25)	0.17937285313276335
  (0, 30)	0.3587457062655267",2,0.2
271,"  (0, 12)	0.3430119073738758
  (0, 8)	0.15011679578645767
  (0, 37)	0.15011679578645767
  (0, 10)	0.6789656401615306
  (0, 29)	0.5189920017338548
  (0, 9)	0.21575479167595943
  (0, 11)	0.10031247689972093
  (0, 25)	0.10031247689972093
  (0, 30)	0.20062495379944187",5,0.5
272,"  (0, 12)	0.2593243036565368
  (0, 31)	0.39200020817115944
  (0, 34)	0.3985533581654931
  (0, 8)	0.11349149314528591
  (0, 37)	0.11349149314528591
  (0, 3)	0.34047447943585774
  (0, 10)	0.513312477078787
  (0, 29)	0.3923690010744927
  (0, 9)	0.1631152152713594
  (0, 11)	0.07583836788420419
  (0, 25)	0.07583836788420419
  (0, 30)	0.15167673576840837",5,0.5
273,"  (0, 12)	0.4264638354623978
  (0, 8)	0.18663895661394186
  (0, 37)	0.18663895661394186
  (0, 10)	0.5627682009978747
  (0, 29)	0.5162067318962911
  (0, 9)	0.268246127902579
  (0, 11)	0.12471766350886253
  (0, 25)	0.12471766350886253
  (0, 30)	0.24943532701772506",4,0.4
274,"  (0, 12)	0.5306441696842153
  (0, 8)	0.2322327614386096
  (0, 37)	0.2322327614386096
  (0, 10)	0.35012308185453117
  (0, 29)	0.4817326872550171
  (0, 9)	0.3337756498333153
  (0, 11)	0.1551847905833765
  (0, 25)	0.1551847905833765
  (0, 30)	0.310369581166753",3,0.3
275,"  (0, 12)	0.4264638354623978
  (0, 8)	0.18663895661394186
  (0, 37)	0.18663895661394186
  (0, 10)	0.5627682009978747
  (0, 29)	0.5162067318962911
  (0, 9)	0.268246127902579
  (0, 11)	0.12471766350886253
  (0, 25)	0.12471766350886253
  (0, 30)	0.24943532701772506",4,0.4
276,"  (0, 12)	0.5306441696842153
  (0, 8)	0.2322327614386096
  (0, 37)	0.2322327614386096
  (0, 10)	0.35012308185453117
  (0, 29)	0.4817326872550171
  (0, 9)	0.3337756498333153
  (0, 11)	0.1551847905833765
  (0, 25)	0.1551847905833765
  (0, 30)	0.310369581166753",3,0.3
277,"  (0, 12)	0.4264638354623978
  (0, 8)	0.18663895661394186
  (0, 37)	0.18663895661394186
  (0, 10)	0.5627682009978747
  (0, 29)	0.5162067318962911
  (0, 9)	0.268246127902579
  (0, 11)	0.12471766350886253
  (0, 25)	0.12471766350886253
  (0, 30)	0.24943532701772506",4,0.4
278,"  (0, 12)	0.613353656351939
  (0, 8)	0.2684299978982994
  (0, 37)	0.2684299978982994
  (0, 29)	0.3712123515687792
  (0, 9)	0.38579998975271523
  (0, 11)	0.17937285313276335
  (0, 25)	0.17937285313276335
  (0, 30)	0.3587457062655267",2,0.2
279,"  (0, 12)	0.613353656351939
  (0, 8)	0.2684299978982994
  (0, 37)	0.2684299978982994
  (0, 29)	0.3712123515687792
  (0, 9)	0.38579998975271523
  (0, 11)	0.17937285313276335
  (0, 25)	0.17937285313276335
  (0, 30)	0.3587457062655267",2,0.2
280,"  (0, 12)	0.4264638354623978
  (0, 8)	0.18663895661394186
  (0, 37)	0.18663895661394186
  (0, 10)	0.5627682009978747
  (0, 29)	0.5162067318962911
  (0, 9)	0.268246127902579
  (0, 11)	0.12471766350886253
  (0, 25)	0.12471766350886253
  (0, 30)	0.24943532701772506",4,0.4
281,"  (0, 12)	0.613353656351939
  (0, 8)	0.2684299978982994
  (0, 37)	0.2684299978982994
  (0, 29)	0.3712123515687792
  (0, 9)	0.38579998975271523
  (0, 11)	0.17937285313276335
  (0, 25)	0.17937285313276335
  (0, 30)	0.3587457062655267",2,0.2
282,"  (0, 12)	0.613353656351939
  (0, 8)	0.2684299978982994
  (0, 37)	0.2684299978982994
  (0, 29)	0.3712123515687792
  (0, 9)	0.38579998975271523
  (0, 11)	0.17937285313276335
  (0, 25)	0.17937285313276335
  (0, 30)	0.3587457062655267",2,0.2
283,"  (0, 12)	0.4264638354623978
  (0, 8)	0.18663895661394186
  (0, 37)	0.18663895661394186
  (0, 10)	0.5627682009978747
  (0, 29)	0.5162067318962911
  (0, 9)	0.268246127902579
  (0, 11)	0.12471766350886253
  (0, 25)	0.12471766350886253
  (0, 30)	0.24943532701772506",4,0.4
284,"  (0, 12)	0.2822339121194603
  (0, 8)	0.12351772530004264
  (0, 37)	0.12351772530004264
  (0, 10)	0.7448803756681756
  (0, 29)	0.5124386874945374
  (0, 9)	0.17752537916082534
  (0, 11)	0.08253819235185383
  (0, 25)	0.08253819235185383
  (0, 30)	0.16507638470370767",6,0.6
285,"  (0, 5)	0.9258032439222718
  (0, 29)	0.1638777268425713
  (0, 9)	0.34063535369645676",1,0.1
286,"  (0, 23)	0.5370187924399442
  (0, 19)	0.6791227130071825
  (0, 41)	0.48574903133014813
  (0, 29)	0.12021246110919967",1,0.1
287,"  (0, 23)	0.975849193902383
  (0, 29)	0.21844530381784166",1,0.1
288,"  (0, 2)	0.7325190059728715
  (0, 23)	0.6213203893081012
  (0, 29)	0.27816699969361197",1,0.1
289,"  (0, 2)	0.685842566077744
  (0, 23)	0.5817295751849373
  (0, 14)	0.19645103736554748
  (0, 29)	0.390663110402106",1,0.1
290,"  (0, 23)	0.975849193902383
  (0, 29)	0.21844530381784166",1,0.1
291,"  (0, 23)	0.975849193902383
  (0, 29)	0.21844530381784166",1,0.1
